"source","term_name","term_id","adjusted_p_value","negative_log10_of_adjusted_p_value","term_size","query_size","intersection_size","effective_domain_size","intersections"
"GO:BP","DNA repair","GO:0006281","0.0006255544735520239","3.2037348657739693","563","2890","127","17906","ABL1,ACTR8,ALKBH1,AQR,ASCC2,ASCC3,ASF1A,ASTE1,ATRX,ATXN3,AXIN2,BCCIP,BRCA1,CDC14B,CDC45,CDC5L,CDC7,CEP164,CLSPN,COPS5,COPS7A,DCLRE1B,DDX1,DEK,DMC1,EP300,ERCC1,ERCC8,EXD2,EYA1,EYA2,EYA4,FAM168A,FANCE,FANCL,FGF10,FH,FUS,GADD45A,GTF2H3,HMGA2,HUWE1,INO80D,KDM1A,KIF22,LIG3,MAD2L2,MCM2,MCM4,MCM6,MCM9,MLH1,MNAT1,MORF4L2,MSH2,MSH3,MSH4,MSH6,NBN,NTHL1,NUCKS1,PARP4,PDS5A,PDS5B,PMS1,PMS2,POLA1,POLB,POLD3,POLE2,POLI,POLK,POLM,POLQ,POLR2B,PPIE,PSMD14,PSME4,RAD18,RAD1,RAD23B,RAD50,RAD52,RBBP8,RBX1,RECQL,REV3L,RFC1,RFC2,RIF1,RPA3,RRM2B,SAMHD1,SETX,SIRT1,SLC30A9,SMARCB1,SMC1A,SMC3,SMCHD1,SMUG1,SPO11,SUMO1,SUPT16H,TDP1,TDP2,TFPT,TMEM189-UBE2V1,TP53BP1,TRIM28,TWIST1,UBE2A,UBE2B,UBE2D3,UBE2T,UBE2W,UBR5,UCHL5,UIMC1,USP10,USP28,USP45,WDR70,WRNIP1,XRCC5,ZFYVE26,ZRANB3"
"GO:BP","Wnt signaling pathway","GO:0016055","8.88354906352079e-14","13.05141349472003","527","2890","158","17906","ABL1,AP2B1,AP2S1,APC2,ARL6,ASPM,AXIN1,AXIN2,BAMBI,BCL9L,BCL9,BICC1,BMP2,CALCOCO1,CAPRIN2,CAV1,CBFB,CCDC88C,CCND1,CCNY,CDH2,CDK14,CELSR1,CELSR3,CHD8,COL1A1,CPE,CSNK1A1,CSNK2A1,CTNNB1,CUL1,CUL3,CYLD,DAAM1,DAB2IP,DAB2,DACT3,DEPDC1B,DLX5,EGR1,EPM2A,ESR1,FBXW11,FBXW4,FERMT2,FGF10,FGFR2,FOXO3,FUZ,FZD3,GLI3,GNAO1,GNB1,GPC4,GRB10,GREM1,GSC,GSK3A,GSK3B,HBP1,HDAC1,HECW1,IFT20,IFT80,IGFBP2,INVS,ISL1,KANK1,LEF1,LRP6,LRRFIP2,MAD2L2,MAPK14,MARK1,MARK2,MARK4,NDP,NFKB1,NID1,NLK,NOG,NOTCH1,NPHP3,PFN1,PKD1,PKD2,PPM1A,PPP2CA,PPP2R1A,PPP3CB,PSEN1,PSMA3,PSMC4,PSMD14,PSMD5,PSME1,PSME4,PTK7,RAPGEF1,RBPJ,RBX1,RECK,RHOA,RNF146,RNF43,SDC1,SDHAF2,SEMA5A,SFRP1,SFRP2,SFRP4,SKP1,SMAD3,SMURF2,SNAI2,SNX3,SOX4,SOX9,SPIN1,STK11,STK3,STK4,STRN,TBL1X,TBX18,TCF7L2,TGFB1I1,TLE4,TNFAIP3,TNKS2,TNN,TNRC6A,TNRC6B,TNRC6C,TSC2,TSPAN12,UBE2B,UBR5,USP34,VAX2,VPS26A,VPS29,VRK1,VRK2,WISP1,WLS,WNK1,WNT11,WNT16,WNT2,WNT4,WNT5A,WNT8A,WWTR1,XIAP,ZEB2,ZNF703,ZRANB1"
"GO:BP","apoptotic signaling pathway","GO:0097190","0.000004967651065872654","5.303848917156781","616","2890","148","17906","ABL1,ACVR1,APAF1,ARHGEF2,BCLAF1,BIK,BIRC6,BMF,BMP5,BNIP3L,BRCA1,BTK,CASP10,CASP2,CASP8,CAV1,CD38,CD44,CFLAR,CLU,CSNK2A1,CTH,CTNNA1,CTNNB1,CTSC,CTSH,CUL1,CUL2,CUL3,CYLD,DAB2IP,DAPK2,DBH,DDX5,DIDO1,DNAJC10,DNM1L,ELL3,EP300,ERBB3,EYA1,EYA2,EYA4,FASLG,FAS,FBXW7,FGF10,FGFR1,FGFR3,FNIP2,FOXO3,FYN,GCLC,GCLM,GNAI2,GNAI3,GSK3A,GSK3B,GSTP1,HDAC1,HELLS,HGF,HIF1A,HIPK2,HTRA2,ICAM1,IGF1,IL1A,IL20RA,IL2,IL7,INHBA,ITGA6,IVNS1ABP,JAK2,KDM1A,KITLG,KRT18,KRT8,LTBR,MAPK8,MAPK9,MAZ,MLH1,MMP9,MSH2,MSH6,MSX1,MUC1,NBN,NCK2,NFE2L2,NOG,NOX1,NRP1,PDCD10,PERP,PIH1D1,POLB,PPP2R1A,PPP3CC,PSEN1,PTPRC,RB1CC1,RRM2B,RRN3,SENP1,SFRP1,SFRP2,SGK3,SH3GLB1,SIRT1,SMAD3,SNAI1,SNAI2,SNW1,SP100,SRGN,STK11,STK24,STK25,STK3,STK4,STRADB,TCF7L2,TFAP4,TFDP2,TFPT,TGFB2,TGFBR1,TIMM50,TNFAIP3,TNFRSF10A,TNFRSF12A,TNFRSF1B,TNFSF10,TP63,TPD52L1,TRAF1,TRIM32,TXNDC12,USP28,VNN1,WDR35,WNT4,YWHAE,ZC3HC1,ZMYND11"
"GO:BP","cell adhesion","GO:0007155","2.4257250603718254e-8","7.615158425039924","1440","2890","318","17906","ABL1,ACTB,ACTN2,ACVR1,ADAM15,ADAM22,ADAM23,ADAM2,ADD2,AGER,AGR2,ALOX12,AMBP,AMELX,ANGPT2,APBA1,APBB1IP,APOA1,ARG1,ARHGAP5,ARHGAP6,ARHGDIB,ARHGEF7,ARVCF,ATP2C1,ATXN3,B4GALT1,BAIAP2L1,BMP2,BMP5,BMP7,BMX,BST1,C1QBP,CAV1,CBFB,CBLL1,CCDC80,CD160,CD200,CD2,CD33,CD44,CD46,CD81,CD83,CD86,CD99L2,CD99,CD9,CDH10,CDH11,CDH17,CDH19,CDH1,CDH20,CDH23,CDH26,CDH2,CDH6,CDH7,CDH9,CDHR2,CDK6,CDON,CEACAM5,CEACAM6,CELSR1,CELSR3,CLASP1,CLASP2,CLDN11,CLDN16,CLDN18,CNN3,CNTN1,CNTN3,CNTNAP1,CNTNAP3,COL12A1,COL17A1,COL19A1,COL1A1,CORO1C,CORO2B,CRB2,CRISP2,CTNNA1,CTNNA2,CTNNAL1,CTNNB1,CYFIP2,CYLD,CYTH1,CYTH3,CYTIP,DAG1,DDR2,DGCR2,DLG1,DNAJA3,DNM2,DOCK8,DSG2,DSP,DUSP1,DUSP22,ECM2,EFNA1,EPB41L4B,EPB41L5,EPCAM,EPDR1,EPHA3,EPHA4,ERBB3,FAP,FBLN1,FERMT2,FGL1,FN1,FNDC3A,FOXA1,FOXA2,FOXC2,FXYD5,FYN,GCNT2,GLI2,GLI3,GNAS,GOLPH3,GPAM,GPC4,GPM6B,GREM1,GRHL2,GSK3B,HAS2,HCK,HES1,HHLA2,HOXA7,HSPH1,IBSP,ICAM1,ICAM2,ICAM4,ICAM5,IFT74,IGF1,IGFBP2,IGSF9,IL12RB1,IL2,IL4R,IL7,ITCH,ITGA4,ITGA5,ITGA6,ITGA8,ITGAE,ITGAL,ITGB6,ITGB8,JAK2,JAK3,KANK1,KIF14,KIFAP3,KITLG,KNG1,KRT18,LAMA1,LAMA2,LAMA3,LAMA4,LAMA5,LAMB1,LAMB4,LAMC2,LEF1,LIMCH1,LIMS1,LOXL2,LOXL3,LPXN,LRP6,LY9,MAD1L1,MAD2L2,MADCAM1,MAP3K8,MAP4K4,MAPK14,MCAM,MEGF9,MPDZ,MUC1,MYB,MYF5,MYH9,NCK2,NEDD9,NEO1,NFAT5,NID1,NKAP,NOTCH1,NR4A3,NRCAM,NRP1,NRP2,NRXN2,NRXN3,NTN1,NTN4,ONECUT2,PAG1,PAK3,PARD3B,PCDH11X,PCDH17,PCDHA6,PCDHB10,PCDHB14,PCDHB3,PCDHB4,PCDHB7,PDLIM1,PERP,PHLDB2,PIK3CA,PIK3CB,PIK3CG,PKD1,PKN2,PKP2,PLXNA2,PPFIBP1,PPP1R12A,PPP2CA,PPP2R1A,PREX1,PRKCQ,PRLR,PSEN1,PTK2B,PTK7,PTN,PTPRC,RAB10,RAPGEF1,RC3H2,RHOA,RND3,ROCK1,RREB1,SDC4,SELE,SEMA5A,SEMA6A,SERPINI2,SFRP1,SFRP2,SIRPB1,SIRPG,SLAMF1,SLITRK3,SLK,SMAD3,SMAD7,SMOC2,SNAI2,SORBS1,SORBS3,SOX9,SPAM1,SPP1,SSPN,SSX2IP,STK10,STK4,STXBP3,TEK,TESK2,TGFB1I1,TGFB1,TGFB2,TGFBI,TGFBR2,THBS4,TJP1,TJP2,TNFAIP6,TNFRSF12A,TNFSF11,TNFSF13B,TNFSF18,TNN,TNR,TRIP6,TRPM7,TSTA3,VCAN,VCL,VEGFA,VEZT,VNN1,VWF,WISP1,WISP3,WNK1,WNT4,WNT5A,ZBTB16,ZNF703"
"GO:BP","cell communication","GO:0007154","1.8691069070550658e-13","12.728365857627981","6798","2890","1288","17906","AACS,AAK1,ABCC8,ABL1,ACADVL,ACPP,ACSL4,ACTB,ACTN2,ACTR3,ACTRT1,ACVR1C,ACVR1,ACVR2A,ADAM15,ADAM2,ADAP1,ADCY2,ADCYAP1R1,ADD1,ADIPOR2,ADNP,ADRA1A,AGER,AGR2,AHR,AKAP10,AKAP11,AKAP1,AKAP3,AKAP7,AKAP8,AKT3,ALOX5,ALPK1,ALS2,AMBP,AMBRA1,AMELX,AMPH,ANGPT2,ANGPTL1,ANK1,AP2B1,AP2S1,APAF1,APBA1,APBA2,APBA3,APBB1IP,APC2,APOA1,APOB,APOC3,ARAP2,ARFGEF1,ARFGEF2,ARFRP1,ARG1,ARHGAP10,ARHGAP15,ARHGAP21,ARHGAP28,ARHGAP31,ARHGAP4,ARHGAP5,ARHGAP6,ARHGAP9,ARHGDIB,ARHGEF10L,ARHGEF18,ARHGEF1,ARHGEF2,ARHGEF7,ARID1B,ARID3A,ARL6,ARR3,ARRDC3,ASB2,ASB3,ASB4,ASH1L,ASIP,ASPM,ASPN,ATF6,ATG5,ATP2B1,ATP2B4,ATP2C1,ATP6V0A1,ATP6V0A4,ATP6V0B,ATP6V1A,ATP6V1B1,ATP6V1D,ATP6V1H,ATRNL1,ATRX,ATXN3,AVPI1,AXIN1,AXIN2,B9D1,BAG1,BAIAP2L1,BAMBI,BBS2,BCHE,BCL11A,BCL9L,BCL9,BCLAF1,BDKRB1,BFAR,BICC1,BIK,BIRC2,BIRC3,BIRC5,BIRC6,BIRC7,BLNK,BMF,BMP2,BMP5,BMP7,BMPR1A,BMX,BNIP3L,BRAP,BRCA1,BRD8,BST1,BTK,BTN3A3,BTNL8,C1QBP,C1QTNF3,C5,CAB39L,CABIN1,CACNA2D2,CACNG3,CACNG4,CACNG7,CADPS2,CALB1,CALCOCO1,CALCRL,CALCR,CAMK2B,CAP2,CAPN3,CAPRIN2,CAPZA1,CARD10,CARD8,CASP10,CASP2,CASP8,CASQ2,CAT,CAV1,CAV2,CBFA2T2,CBFB,CBLB,CBL,CC2D2A,CCDC88A,CCDC88C,CCL7,CCL8,CCND1,CCND3,CCNY,CCRL2,CD160,CD2,CD33,CD38,CD3EAP,CD44,CD46,CD81,CD83,CD86,CDC14B,CDC5L,CDH11,CDH17,CDH1,CDH2,CDH6,CDK14,CDK5RAP3,CDK6,CDKN1B,CDON,CEACAM6,CELSR1,CELSR3,CFLAR,CFTR,CHD5,CHD8,CHGB,CHN2,CHRDL1,CHRNA2,CHRNB4,CLDN18,CLEC16A,CLEC2D,CLNK,CLU,CNGB1,CNOT1,CNOT2,CNOT4,CNOT6,CNRIP1,CNTN1,CNTNAP1,COL1A1,COL4A1,COL4A3BP,COL4A4,COPA,COPS5,CORO1C,CORO2A,CPEB3,CPEB4,CPE,CPNE3,CPT1A,CR2,CRB2,CREB1,CREBBP,CREBL2,CREM,CRTC1,CRY1,CSNK1A1,CSNK2A1,CTH,CTNNA1,CTNNAL1,CTNNB1,CTSC,CTSH,CUL1,CUL2,CUL3,CUL7,CUX2,CXCL6,CYB5R4,CYFIP2,CYLD,CYP46A1,CYTH1,CYTH3,DAAM1,DAB2IP,DAB2,DACT3,DAG1,DAPK2,DBH,DCBLD2,DCN,DCX,DDR2,DDX17,DDX1,DDX54,DDX58,DDX5,DEK,DENND1A,DEPDC1B,DEPDC5,DEPDC7,DERL2,DGKD,DGKG,DGKH,DHCR24,DHX33,DICER1,DIDO1,DLG1,DLX5,DMPK,DNAI1,DNAJA3,DNAJC10,DNAJC15,DNAJC25,DNAJC27,DNAJC3,DNAJC5,DNM1L,DNM2,DNMBP,DOCK3,DOCK7,DOCK8,DOCK9,DOK5,DPYSL2,DSG2,DSP,DTNBP1,DUSP16,DUSP1,DUSP22,DUSP4,ECT2,EDN1,EDN3,EFEMP1,EFNA1,EGR1,EGR2,EIF2B1,EIF2B3,EIF2B4,EIF3A,ELF1,ELF2,ELK3,ELL3,ENY2,EP300,EPAS1,EPCAM,EPHA3,EPHA4,EPHA6,EPM2A,EPS15,ERBB3,ERC1,EREG,ERG,ERLIN1,ESR1,ESRP1,ESRP2,EXOC1,EYA1,EYA2,EYA4,EZH2,F13A1,FAM120B,FAM13B,FAM83D,FASLG,FAS,FBLN1,FBXL15,FBXL20,FBXO9,FBXW11,FBXW4,FBXW7,FERMT2,FGF10,FGF12,FGF14,FGF1,FGF20,FGF21,FGF8,FGFR1,FGFR2,FGFR3,FHL2,FKBP14,FKTN,FLT1,FLT3,FMR1,FN1,FNIP2,FOXA1,FOXA2,FOXC2,FOXO3,FOXP1,FRK,FRMPD1,FSTL4,FUT8,FUZ,FYN,FZD3,GAB1,GAB2,GABRA1,GABRA3,GABRA4,GABRE,GABRG2,GABRP,GABRR2,GADD45A,GALNT3,GBF1,GCG,GCK,GCLC,GCLM,GCNT2,GDAP1,GDI2,GHRHR,GHR,GLG1,GLI2,GLI3,GLIPR2,GLRA2,GLRB,GLS,GMDS,GML,GNA13,GNAI2,GNAI3,GNAO1,GNAS,GNB1,GNB4,GNRHR,GOLPH3,GOLT1B,GORAB,GOT1,GPAM,GPC4,GPLD1,GPR63,GPRC5A,GPSM2,GRAMD4,GRB10,GRB14,GREM1,GRIA2,GRIA3,GRIN2D,GRK4,GSC,GSK3A,GSK3B,GSTP1,GTPBP1,GUCY2C,GUCY2F,HACE1,HBP1,HBS1L,HCK,HDAC1,HDAC2,HDAC4,HECW1,HELLS,HERPUD2,HES1,HEY1,HEY2,HEYL,HGF,HHAT,HHLA2,HIF1A,HIPK2,HIPK3,HIVEP1,HMGA2,HMGCR,HNF4A,HNRNPA2B1,HNRNPL,HOMER2,HOXA5,HPN,HSP90AA1,HSPA9,HSPB11,HTR2A,HTRA2,IAPP,ICA1,ICAM1,ICAM2,ICK,IDE,IFI35,IFIH1,IFIT2,IFIT3,IFNA6,IFNGR1,IFT20,IFT46,IFT57,IFT74,IFT80,IFT81,IGF1,IGFBP2,IL12RB1,IL12RB2,IL13RA2,IL17F,IL18R1,IL18RAP,IL1A,IL1R1,IL1R2,IL1RL1,IL20RA,IL26,IL2RB,IL2,IL4R,IL5,IL7,INHBA,INPP4A,INPP4B,INPP5A,INSIG2,INSL6,INVS,IQSEC2,IRAK3,ISL1,ITCH,ITGA4,ITGA5,ITGA6,ITGA8,ITGAE,ITGAL,ITGB6,ITGB8,ITK,ITPR2,IVNS1ABP,JAK2,JAK3,JMJD6,KANK1,KAT2B,KBTBD7,KCNC4,KCNIP3,KCNK10,KCNK2,KCNN1,KCNQ1,KCTD10,KCTD9,KDM1A,KDM3A,KDM5B,KHDRBS1,KIAA0586,KIF14,KIF16B,KIF1B,KIF26A,KIFAP3,KITLG,KLF5,KLHL22,KLHL24,KLHL31,KLRB1,KMO,KNG1,KPNA1,KPNB1,KRIT1,KRT18,KRT19,KRT8,LAMA1,LAMA2,LAMA3,LAMA5,LAMP2,LANCL1,LASP1,LCP2,LEF1,LEPR,LFNG,LGI1,LGMN,LHX5,LIFR,LILRA1,LIMS1,LIN7A,LLGL2,LMBR1,LMNB1,LMO3,LNPEP,LOXL3,LOX,LPXN,LRP2,LRP6,LRRFIP2,LTBP1,LTBP4,LTBR,LY86,MAD2L2,MADCAM1,MAGI3,MAK,MAP2K4,MAP2K6,MAP3K13,MAP3K1,MAP3K4,MAP3K8,MAP3K9,MAP4K1,MAP4K3,MAP4K4,MAP4K5,MAPK10,MAPK14,MAPK1,MAPK6,MAPK8,MAPK9,MAPKAP1,MARK1,MARK2,MARK3,MARK4,MAST2,MAST4,MAZ,MBD3,MBTPS2,MCF2L2,MCF2,MCOLN1,MECOM,MEF2A,MEF2C,METAP2,METRN,MET,MGLL,MIB1,MID1,MID2,MLH1,MLXIPL,MMP2,MMP3,MMP9,MSH2,MSH6,MSX1,MSX2,MT2A,MTAP,MTMR2,MTMR3,MUC1,MUSK,MYB,MYH14,MYH2,MYH9,MYO16,MYO9A,MYOM1,NAMPT,NBN,NCALD,NCK2,NCKAP1,NCOA1,NCOA3,NCOA5,NCR2,NDFIP2,NDP,NDRG3,NDST1,NECAB2,NEDD4,NEDD9,NEK11,NEK4,NEO1,NFAT5,NFATC2,NFATC3,NFE2L2,NFKB1,NGEF,NID1,NKAP,NKX2-1,NLK,NMU,NOD1,NOG,NOS1,NOTCH1,NOX1,NOX4,NPFFR2,NPHP3,NPR3,NPRL2,NR1H3,NR1H4,NR2C1,NR3C1,NR4A1,NR4A3,NR5A2,NRBP1,NRCAM,NRK,NRN1,NRP1,NRP2,NRXN2,NRXN3,NSMAF,NTN1,NTN4,NTSR1,NUCB2,NUCKS1,NUP155,OCRL,OGFRL1,OGN,OLFM1,ONECUT2,OPHN1,OPN3,OPN5,OPRM1,OR12D3,OR2B6,OSBPL8,OVOL2,OXCT1,P2RY10,PACSIN2,PADI2,PAFAH1B1,PAG1,PAGE4,PAIP2,PAK3,PALM,PANX1,PASK,PBLD,PCBP4,PCDH17,PCDHB10,PCDHB14,PCDHB3,PCDHB4,PCSK5,PDCD10,PDC,PDE10A,PDE1A,PDE4D,PDE8A,PDE8B,PDGFB,PDGFRL,PDIA5,PDK3,PDK4,PEBP1,PERP,PEX5L,PFN1,PFN2,PGF,PGR,PHEX,PHF14,PHF20,PHLPP1,PHLPP2,PIAS1,PIAS2,PIBF1,PIGU,PIH1D1,PIK3C2A,PIK3C3,PIK3CA,PIK3CB,PIK3CG,PIK3IP1,PIKFYVE,PIP5K1B,PITPNM1,PKD1,PKD2L1,PKD2,PKN1,PKN2,PKP2,PLAGL1,PLCB4,PLCH1,PLCL1,PLD1,PLEKHA1,PLEKHG1,PLP1,PLXNA2,PMP22,POFUT1,POLB,POLR2B,POU1F1,PPARGC1A,PPEF1,PPM1A,PPP1R12A,PPP1R12B,PPP1R12C,PPP1R13L,PPP2CA,PPP2R1A,PPP2R5A,PPP2R5B,PPP2R5C,PPP3CB,PPP3CC,PRDM11,PREX1,PREX2,PRKAG2,PRKAR2A,PRKAR2B,PRKCH,PRKCQ,PRKD3,PRLR,PRRX1,PSD,PSEN1,PSMA3,PSMC4,PSMD14,PSMD5,PSME1,PSME4,PTGER3,PTGFR,PTK2B,PTK7,PTN,PTPN18,PTPN3,PTPRC,PTPRZ1,PUM2,RAB10,RAB11A,RAB11FIP2,RAB11FIP3,RAB14,RAB18,RAB21,RAB22A,RAB23,RAB27A,RAB27B,RAB2A,RAB32,RAB34,RAB38,RAB3D,RAB3GAP1,RAB40AL,RAB5B,RAB9A,RAB9B,RABEP1,RAD1,RAD50,RALA,RALBP1,RALGPS2,RANBP9,RANGAP1,RAP1A,RAP2A,RAP2C,RAPGEF1,RAPGEF2,RAPGEF4,RARB,RASAL2,RASGRF1,RASGRF2,RASIP1,RASSF1,RASSF7,RASSF8,RB1CC1,RBBP8,RBL2,RBPJL,RBPJ,RBX1,RC3H2,RCAN3,RECK,REG1A,RERGL,REST,RFC2,RFX3,RFX4,RGS17,RGS2,RGS4,RGS9,RHBDD2,RHEB,RHOA,RHOBTB1,RHOQ,RIC8B,RIMBP2,RIMS1,RIMS3,RIN3,RIOK3,RLN1,RND3,RNF125,RNF13,RNF146,RNF14,RNF19A,RNF216,RNF43,RNF4,ROCK1,RORA,ROS1,RP1,RPA3,RPE65,RPGRIP1L,RPH3A,RPL5,RPS6KA2,RPS6KA5,RPS6KA6,RPS6KB1,RRAGD,RREB1,RRM2B,RRN3,RTN4,RUNX2,RWDD1,S100A4,SAMHD1,SARM1,SASH1,SCAP,SCGN,SCTR,SDC1,SDCBP2,SDCBP,SDHAF2,SEH1L,SEL1L,SELE,SEMA3A,SEMA3C,SEMA5A,SEMA6A,SENP1,SERP1,SERPINB3,SESN1,SETX,SEZ6L,SEZ6,SFRP1,SFRP2,SFRP4,SGK1,SGK3,SH2D3A,SH2D3C,SH2D4A,SH3GL2,SH3GLB1,SHB,SHOC2,SIPA1L2,SIPA1L3,SIRPB1,SIRPG,SIRT1,SKAP2,SKP1,SLAMF1,SLC12A2,SLC16A10,SLC17A7,SLC1A1,SLC1A2,SLC1A3,SLC24A1,SLC29A1,SLC5A7,SLK,SMAD2,SMAD3,SMAD4,SMAD5,SMAD7,SMAD9,SMARCB1,SMOC2,SMPD3,SMURF2,SNAI1,SNAI2,SNCAIP,SNW1,SNX13,SNX17,SNX19,SNX25,SNX3,SORBS1,SORBS3,SORCS1,SOS1,SOS2,SOX4,SOX9,SP100,SPAG9,SPEN,SPG11,SPG21,SPI1,SPIN1,SPP1,SPSB2,SPTBN1,SPTB,SREBF1,SRGN,SRI,SRPK1,SSH1,SSR1,SSX2IP,STAM2,STAMBP,STAP1,STAT1,STAU1,STIL,STK10,STK11,STK17B,STK24,STK25,STK38,STK3,STK4,STRADB,STRAP,STRN,STX2,STXBP3,SUFU,SUMO1,SUPT16H,SV2C,SYDE2,SYPL1,SYT10,SYT1,SYTL4,TAB2,TAC1,TACR1,TAF12,TAF2,TARDBP,TAS2R10,TAS2R7,TAX1BP1,TBL1X,TBX18,TBX5,TCF21,TCF4,TCF7L2,TCTN3,TDP2,TEK,TFAP4,TFDP2,TFG,TFPT,TGFB1I1,TGFB1,TGFB2,TGFB3,TGFBR1,TGFBR2,TGFBR3,TG,THBS4,THOC1,TIA1,TIE1,TIMM50,TJP1,TJP2,TLE4,TM7SF3,TMED1,TMEM100,TMEM33,TMEM38A,TMEM38B,TNFAIP1,TNFAIP3,TNFAIP6,TNFRSF10A,TNFRSF12A,TNFRSF1B,TNFRSF8,TNFSF10,TNFSF11,TNFSF13B,TNFSF18,TNFSF8,TNIP3,TNK2,TNKS2,TNNI3K,TNN,TNRC6A,TNRC6B,TNRC6C,TNR,TP53TG5,TP63,TPD52L1,TRAF1,TRAF3IP2,TRAF4,TRHDE,TRIM24,TRIM28,TRIM32,TRIM38,TRIM62,TRIM67,TRIM6,TRIM9,TRIO,TRIP10,TRIP6,TROVE2,TRPA1,TRPM3,TSC2,TSPAN12,TSPAN15,TTC21B,TTC23,TTC26,TTK,TWIST1,TXNDC12,TXNDC15,UBA5,UBE2B,UBE2D1,UBE2D3,UBE3A,UBR2,UBR5,UFSP2,UIMC1,ULK2,UNC5A,UNC93B1,USP10,USP14,USP28,USP34,USP46,USP9X,UTS2,VAC14,VAMP7,VAPA,VASN,VAX2,VDR,VEGFA,VIM,VIPR1,VIPR2,VNN1,VPS26A,VPS29,VRK1,VRK2,WASF1,WASL,WDFY1,WDR11,WDR35,WDR83,WIPF1,WIPF3,WISP1,WISP3,WLS,WNK1,WNT11,WNT16,WNT2,WNT4,WNT5A,WNT8A,WSB1,WWC1,WWP1,WWTR1,XIAP,YWHAE,ZC3HC1,ZEB1,ZEB2,ZFAND5,ZFAND6,ZFYVE16,ZMYND11,ZNF423,ZNF451,ZNF703,ZRANB1"
"GO:BP","cell cycle","GO:0007049","6.321386326923898e-12","11.19918766727004","1905","2890","425","17906","ABCB1,ABL1,ACTB,ACTR3,ACTR8,ACVR1,AHR,AICDA,AKAP8L,AKAP8,ALMS1,ANAPC4,ANAPC5,ANLN,APAF1,ARHGEF2,ARID3A,ASPM,ATF2,ATP2B4,ATRX,AVPI1,AXIN2,BCAT1,BCCIP,BIRC2,BIRC5,BIRC6,BMP2,BMP7,BRCA1,CAB39L,CAPN3,CASP2,CAV2,CBX3,CCAR1,CCNB1IP1,CCNC,CCND1,CCND2,CCND3,CCNG1,CCNI,CCNJ,CCNT2,CCNY,CDC14A,CDC14B,CDC25B,CDC27,CDC45,CDC5L,CDC7,CDCA3,CDK13,CDK14,CDK17,CDK5RAP1,CDK5RAP3,CDK6,CDKL3,CDKL5,CDKN1B,CDKN2C,CDKN3,CECR2,CENPF,CENPK,CENPQ,CENPT,CEP152,CEP164,CEP192,CEP68,CEP70,CEP76,CGRRF1,CHMP2B,CHMP4B,CHORDC1,CLASP1,CLASP2,CLSPN,CLTA,CLTCL1,CNOT1,CNOT2,CNOT4,CNOT6,CNTLN,COPS5,CREBL2,CROCC,CRY1,CSNK1A1,CSNK2A1,CSPP1,CTCFL,CTNNB1,CUL1,CUL2,CUL3,CUL7,CYLD,DAB2IP,DAZL,DBF4,DCLRE1B,DHCR24,DLG1,DMC1,DNM2,DNMT3A,DUSP1,DYNC1I2,ECD,ECT2,EDN1,EDN3,EED,EFHC1,EML1,EP300,EPB41L2,EPC1,EPM2A,ERCC1,EREG,ERF,EVI5,EZH2,FAM83D,FAP,FBXL15,FBXL3,FBXO31,FBXO5,FBXO7,FBXW11,FBXW7,FGF10,FGF8,FGFR1,FGFR2,FHL1,FOXA1,FOXN3,FZD3,GADD45A,GAS7,GBF1,GINS1,GML,GMNN,GNAI2,GNAI3,GPSM2,GSPT1,H2AFY,HACE1,HBP1,HECA,HELLS,HES1,HGF,HIPK2,HIRA,HMGA2,HMMR,HSP90AA1,HTRA2,ID2,IGF1,IK,IL1A,INHBA,IPO5,KAT2B,KATNAL1,KHDRBS1,KIF14,KIF18A,KIF1B,KIF20A,KIF22,KIF25,KIF2A,KIF3B,KIF4A,KLHL13,KLHL18,KLHL22,KPNB1,KRT18,LFNG,LGMN,LIG3,LLGL2,LRP6,MAD1L1,MAD2L1BP,MAD2L2,MAP2K4,MAP2K6,MAP3K1,MAP3K4,MAP3K8,MAP4K1,MAP4K3,MAP4K4,MAP4K5,MAP4,MAPK14,MAPK1,MAPK6,MAPRE1,MARK4,MCM10,MCM2,MCM4,MCM6,MDM1,MECOM,MLH1,MLXIPL,MNAT1,MND1,MSH2,MSH3,MSH4,MSH6,MSX1,MSX2,MTA3,MUC1,MYB,MYH9,MYO16,NAA10,NAA50,NBN,NCAPG,NDC80,NDE1,NEDD9,NEK11,NEK2,NEK4,NINL,NIN,NOTCH1,NR3C1,NR4A1,NR4A3,NRK,NSL1,NUDC,NUP37,NUP43,PAFAH1B1,PAK3,PAPD5,PARD3B,PCBP4,PCM1,PCNP,PDGFB,PDS5A,PDS5B,PHF13,PHF23,PHGDH,PHOX2B,PIAS1,PIBF1,PIK3C3,PKD1,PKD2,PKN2,PLAGL1,POLA1,POLA2,POLD3,POLE2,PPM1A,PPP1R12A,PPP1R12B,PPP2CA,PPP2R1A,PPP2R5B,PPP6C,PRDM11,PRKAG2,PRKAR2B,PROX1,PRR11,PSMA3,PSMC4,PSMD14,PSMD5,PSME1,PSME4,PTP4A1,PTPN3,PTPRC,RAB11A,RAB11FIP3,RAD1,RAD50,RALA,RASSF1,RB1CC1,RBBP8,RBL1,RBL2,RBM7,RBX1,RFC1,RFC2,RGS2,RHEB,RHOA,RIF1,RIOK2,RNF167,RNF4,ROCK1,RPA3,RPRD1B,RPS6KA2,RPS6KB1,RRAGD,SDCBP,SDCCAG8,SEH1L,SENP5,SENP6,SEPT7,SFRP1,SH3GLB1,SIRT1,SKP1,SLK,SMAD3,SMARCB1,SMC1A,SMC1B,SMC3,SMOC2,SMPD3,SOX4,SOX9,SPAST,SPIN1,SPO11,SPTBN1,SSX2IP,STAG1,STAG2,STAMBP,STIL,STK10,STK11,STK24,STK25,STK3,STK4,STRADB,SUN2,SYF2,TAF2,TARDBP,TCF7L2,TDRD1,TEX11,TEX14,TFAP4,TFDP2,TGFB1,TGFB2,TGFBR1,THOC1,THOC5,TIPIN,TNFAIP3,TOP2B,TP53BP1,TP63,TPD52L1,TPR,TRIM32,TRIM37,TSC2,TTC19,TTC28,TTK,TTL,TXLNG,UBE2B,UBE2D1,UBE2S,UBR2,UIMC1,URGCP,USP28,USP9X,VPS4B,VRK1,WAC,WASL,WDR62,WNT4,WNT5A,XPO1,YAF2,YTHDC2,YWHAE,ZC3HC1,ZFYVE26,ZMYND11,ZNF207,ZNF703,ZW10,ZWINT"
"GO:BP","cell death","GO:0008219","2.1636655935575144e-8","7.664809860984702","2285","2890","473","17906","ABL1,ACER3,ACTN2,ACVR1C,ACVR1,ADCYAP1R1,ADNP,ADRA1A,AGR2,AHR,AIMP2,ALKBH1,ALOX12,ALS2,AMBRA1,ANKRD13C,AP2B1,APAF1,APOH,ARHGAP10,ARHGEF18,ARHGEF1,ARHGEF2,ARHGEF7,ATF2,ATF6,ATG5,AXIN1,AXIN2,B4GALT1,BAG1,BCAP29,BCL2L13,BCL2L14,BCLAF1,BFAR,BIK,BIRC2,BIRC3,BIRC5,BIRC6,BIRC7,BMF,BMP2,BMP5,BMP7,BMX,BNIP1,BNIP3L,BRCA1,BTK,C1QBP,CACYBP,CALCR,CAPN3,CARD10,CARD8,CASP10,CASP2,CASP8,CAT,CAV1,CBL,CCAR1,CCND2,CD160,CD200,CD2,CD38,CD44,CD5L,CDK5RAP3,CDKN1B,CEACAM5,CEACAM6,CECR2,CFLAR,CHD8,CHMP4B,CLNK,CLPTM1L,CLU,COPS5,CPEB4,CREB1,CREBBP,CSNK2A1,CSRNP2,CTH,CTNNA1,CTNNB1,CTSC,CTSH,CUL1,CUL2,CUL3,CYFIP2,CYLD,DAB2IP,DAB2,DAPK2,DBH,DDX20,DDX5,DHCR24,DICER1,DIDO1,DMPK,DNAJA3,DNAJC10,DNAJC3,DNAJC5,DNM1L,DNM2,DNMT3A,DOCK8,DPEP1,DPP8,DSG2,DSP,DUSP1,ECT2,EDN1,EEF2K,EFNA1,EGR1,ELL3,EP300,EPB41L3,EPCAM,ERBB3,ERC1,ESR1,EXOC5,EYA1,EYA2,EYA4,FAP,FASLG,FAS,FBXO7,FBXW7,FGF10,FGF20,FGF21,FGF8,FGFR1,FGFR2,FGFR3,FHL2,FLT3,FNIP2,FOXA1,FOXC2,FOXO3,FOXP1,FXR1,FYN,FZD3,G2E3,GADD45A,GCG,GCLC,GCLM,GHR,GLI2,GLI3,GML,GNA13,GNAI2,GNAI3,GNB1,GOLPH3,GPAM,GPLD1,GRAMD4,GREM1,GSK3A,GSK3B,GSTP1,GZMK,HCK,HDAC1,HDAC2,HDAC4,HELLS,HEY2,HGF,HIF1A,HIPK2,HIPK3,HMGA2,HMGCR,HOXA5,HPN,HS1BP3,HSPA9,HTR2A,HTRA2,IAPP,ICAM1,IFIT2,IFIT3,IFT57,IGF1,IL1A,IL20RA,IL2RB,IL2,IL7,ING3,INHBA,ISL1,ITCH,ITGA4,ITGA5,ITGA6,IVNS1ABP,JAK2,JAK3,KCNIP3,KCNK2,KDM1A,KIF14,KIF1B,KIFAP3,KITLG,KLHL20,KMO,KNG1,KPNA1,KPNB1,KRIT1,KRT18,KRT19,KRT5,KRT8,LANCL1,LEF1,LGMN,LOX,LRP2,LRP6,LTBR,MAGI3,MAP2K4,MAP2K6,MAP3K9,MAP4K4,MAPK14,MAPK1,MAPK8,MAPK9,MARK4,MAZ,MCF2,MCM2,MECOM,MEF2A,MEF2C,MEF2D,MET,MLH1,MMP3,MMP9,MNAT1,MRPS30,MSH2,MSH6,MSX1,MSX2,MTCH2,MUC1,MYB,NAMPT,NBN,NCK2,NCKAP1,NCOA1,NCOA7,NDUFS1,NFE2L2,NFKB1,NGEF,NLRC4,NLRP1,NNT,NOD1,NOG,NOTCH1,NOX1,NOX4,NR1H4,NR3C1,NR4A1,NR4A3,NRP1,NSMAF,NTN1,NTSR1,OLFM1,PACRG,PAGE4,PAK3,PARP4,PAX3,PDCD10,PDCD7,PDE1A,PDE8A,PDK4,PERP,PHLPP1,PIAS1,PICALM,PIH1D1,PIK3CA,PIK3CB,PIK3CG,PKN1,PKN2,PKP2,PLAGL1,PMP22,POLB,PPARGC1A,PPP1R13L,PPP2CA,PPP2R1A,PPP3CC,PRDM11,PREX1,PRKCH,PRKCQ,PRLR,PRUNE2,PSEN1,PTGER3,PTGFR,PTK2B,PTN,PTPRC,PTPRZ1,PYGL,RABEP1,RAD18,RAPGEF2,RARB,RASGRF2,RASSF7,RB1CC1,RBM25,REST,RHOA,RNF130,RNF216,ROCK1,RPS6KA2,RPS6KB1,RRM2B,RRN3,RTN4,SARM1,SCIN,SEMA3A,SEMA5A,SEMA6A,SENP1,SEPT7,SETX,SFRP1,SFRP2,SFRP4,SGK1,SGK3,SH3GLB1,SHB,SIRT1,SIRT5,SLC25A24,SLK,SMAD3,SMAD4,SMNDC1,SNAI1,SNAI2,SNCAIP,SNW1,SOS1,SOS2,SOX4,SOX9,SP100,SPI1,SPTLC1,SRGN,SSH1,STAMBP,STAT1,STIL,STK11,STK17B,STK24,STK25,STK3,STK4,STRADB,TARDBP,TAX1BP1,TCF7L2,TCTN3,TEK,TEX11,TFAP2D,TFAP4,TFDP2,TFPT,TGFB1,TGFB2,TGFB3,TGFBR1,TGFBR2,THOC1,TIA1,TIMM50,TM7SF3,TNFAIP1,TNFAIP3,TNFRSF10A,TNFRSF12A,TNFRSF1B,TNFRSF8,TNFSF10,TNFSF18,TOX3,TP63,TPD52L1,TRAF1,TRAF3IP2,TRAF4,TRIM24,TRIM2,TRIM32,TRIO,TRPM7,TSC2,TWIST1,TXNDC12,UBE2B,UBE2D3,UNC5A,USP28,USP36,USP42,VAPA,VDR,VEGFA,VNN1,VPS4B,WDR35,WISP1,WISP3,WNT11,WNT16,WNT4,WNT5A,XIAP,YWHAE,ZBTB16,ZC3HC1,ZFAND6,ZMYND11,ZNF346"
"GO:BP","cell development","GO:0048468","7.511169338788243e-17","16.124292446770653","2215","2890","509","17906","ABCC8,ABL1,ACSL4,ACTA2,ACTB,ACTN2,ACVR1,ADAM22,ADD1,ADNP,ADRA1A,AFF4,AGER,ALKBH1,ALS2,ALX1,ANGPT2,ANKRD27,APOA1,ARFGEF1,ARHGAP4,ARHGEF2,ARHGEF7,ARID1B,ARID4A,ARID4B,ARMC2,ARSB,ASPA,ASPM,ATF1,ATG5,ATP8B1,ATRX,AXIN2,B4GALT1,B4GALT6,BBS2,BCL11A,BHLHE41,BMP2,BMP5,BMP7,BMPR1A,BTK,C1GALT1,C1QBP,CACNA2D2,CACNG7,CAMK2B,CAPN3,CAPRIN2,CASP2,CASQ2,CAV2,CBFA2T2,CBFB,CCDC88A,CCDC88C,CCNB1IP1,CD38,CD9,CDC25B,CDH11,CDH1,CDH23,CDH2,CDK5RAP1,CDK5RAP3,CDK6,CDKL3,CDKL5,CDON,CECR2,CELSR3,CFLAR,CFTR,CHD5,CLDN18,CLN5,CLU,CNGB1,CNTN1,CNTNAP1,COBL,COCH,COL11A1,COL12A1,CORO1C,CPEB3,CREB1,CRMP1,CRTAC1,CRTC1,CTNNA1,CTNNA2,CTNNB1,CUL3,CUL7,CUX2,CYB5R4,CYFIP2,DAB2IP,DAG1,DAZAP1,DAZL,DCT,DCX,DDX20,DDX25,DDX6,DGKG,DICER1,DLD,DLX5,DMC1,DNM1L,DNM2,DOCK7,DOK5,DPYSL2,DTNBP1,ECT2,EDN1,EDN3,EEF2K,EFHD1,EFNA1,EGR2,EIF2B1,EIF2B3,EIF2B4,ELL3,EP300,EPAS1,EPB41L3,EPB41L5,EPHA3,EPHA4,EPHA6,ERCC1,EREG,ESR1,ESRP1,ETV1,EXPH5,EYA1,EZH2,FAM172A,FASLG,FBLN1,FBXO31,FBXO5,FBXO7,FBXW7,FERMT2,FGF20,FGF8,FGFR1,FGFR2,FHL2,FIG4,FMR1,FN1,FNDC3A,FOXA1,FOXC2,FOXO3,FOXP1,FRYL,FRY,FSTL4,FYN,FZD3,GAB1,GAB2,GALNTL5,GAS7,GHRHR,GLI2,GLI3,GOPC,GPM6B,GRB10,GRHL2,GSK3A,GSK3B,GSTP1,HAS2,HDAC1,HDAC2,HDAC4,HDAC9,HECW1,HERC1,HES1,HEXB,HEY1,HEY2,HEYL,HGF,HIF1A,HNF4A,HOXA11,HOXA2,HOXA5,HOXB3,HSP90AA1,HTRA2,ICAM1,ID2,IFNGR1,IFRD1,IFT20,IFT74,IFT88,IGF1,IGSF9,IL1A,IL2,IL5,IMPAD1,IQCG,ISL1,ITGA4,ITGA6,ITGA8,JAK2,JMJD6,KANK1,KDM1A,KDM3A,KDM4C,KIAA1107,KIF14,KITLG,KLF5,KRT19,KRT8,LAMA1,LAMA2,LAMA5,LAMB1,LAMB4,LAMC2,LDB3,LEF1,LGI1,LIMS1,LOX,LRP2,MAN2A1,MAP2K4,MAP2,MAP3K13,MAP4K4,MAP4,MAPK1,MAPK6,MARK1,MARK2,MCF2,MEF2A,MEF2C,MEGF9,METRN,MET,MIB1,MICALL1,MLH1,MMD,MPP5,MSH2,MSX2,MTMR2,MTR,MUSK,MYB,MYCBP2,MYF5,MYH9,MYO16,MYO9A,MYOM1,MYOM2,NCK2,NCKAP1,NCOA1,NEBL,NEDD4L,NEDD4,NEDD9,NEO1,NFATC2,NFE2L2,NGEF,NIN,NKX2-1,NOG,NOS1,NOTCH1,NR4A3,NRCAM,NRK,NRN1,NRP1,NRP2,NRXN3,NTN1,NTN4,OCA2,OGDH,OLFM1,OLFM3,ONECUT2,OPHN1,OPRM1,OVOL2,PACRG,PACSIN1,PAFAH1B1,PAK3,PCM1,PDE4D,PDGFB,PGR,PHACTR1,PHGDH,PHOX2B,PICALM,PIK3CA,PIK3CB,PLP1,PLXNA2,PMP22,POF1B,POU1F1,PPP2R1A,PPP2R5B,PPP3CB,PRDM1,PREX1,PREX2,PRKCH,PRKCQ,PROX1,PRRX1,PSD,PSEN1,PSME4,PTCD2,PTK2B,PTK7,PTN,PTPRC,PTPRZ1,QKI,RAB10,RAB11A,RAB21,RANBP9,RAP1A,RAP2A,RAP2C,RAPGEF1,RAPGEF2,RARB,RASGRF1,RECK,REG1A,REST,RFX2,RFX3,RGS2,RGS4,RHAG,RHEB,RHOA,RIMS1,ROCK1,ROPN1,ROS1,RP1,RPE65,RPGRIP1,RPS6KA2,RPS6KA5,RREB1,RRN3,RTN4,RUFY3,RUNX2,SARM1,SATB2,SCYL3,SDC1,SDC4,SEMA3A,SEMA3C,SEMA5A,SEMA6A,SERPINH1,SETX,SEZ6,SFRP1,SFRP2,SGK1,SH3GL2,SIPA1L3,SLC1A3,SLC26A3,SLC4A7,SLITRK3,SMAD3,SMAD4,SMAD5,SMAD7,SMARCA2,SMPD3,SNAI2,SNW1,SNX3,SOHLH2,SOS1,SOX4,SOX6,SOX9,SPACA1,SPAG6,SPAG9,SPAST,SPEN,SPG11,SPO11,SPP1,SPTBN1,SPTB,SRPK1,SRRT,STAP1,STK11,STK24,STK25,STK3,STK4,STMN2,STRN,SYT1,TBC1D23,TBPL1,TCF3,TCF4,TDP2,TDRD1,TEK,TFCP2L1,TGFB1I1,TGFB1,TGFB2,TGFBR2,TGFBR3,THOC2,TJP1,TJP2,TMEM106B,TMEM30A,TNFRSF12A,TNFRSF1B,TNFSF11,TNN,TNR,TOP2B,TP63,TRAK2,TRIM32,TRIM67,TRIO,TRIP11,TRPC5,TTC26,TTL,TWIST1,UBA6,UBE2B,UBE3A,ULK2,UNC5A,USP9X,UST,VAMP7,VAPA,VAX2,VCL,VEGFA,VIM,WASF1,WASL,WNK1,WNT2,WNT4,WNT5A,XK,XRCC5,YTHDC1,YTHDC2,ZBTB16,ZEB1,ZEB2,ZPBP"
"GO:BP","cell differentiation","GO:0030154","4.041760492385332e-16","15.393429425585012","4335","2890","888","17906","AACS,ABCB5,ABCC8,ABL1,ACADM,ACADVL,ACSL4,ACTA2,ACTB,ACTL8,ACTN2,ACVR1C,ACVR1,ACVR2A,ADAM15,ADAM22,ADCYAP1R1,ADD1,ADNP,ADRA1A,AFF4,AGER,AGR2,AICDA,AIMP2,ALKBH1,ALS2,ALX1,AMBRA1,AMELX,ANGPT2,ANKRD26,ANKRD27,ANLN,ANXA13,APAF1,APC2,APOA1,APOB,ARFGEF1,ARHGAP4,ARHGEF2,ARHGEF7,ARID1B,ARID4A,ARID4B,ARL4A,ARL6,ARMC2,ARMC6,ARSB,ASB2,ASB4,ASF1A,ASPA,ASPM,ATF1,ATF2,ATG5,ATP11C,ATP8B1,ATRX,AXIN2,B4GALT1,B4GALT6,B9D1,BAMBI,BARX2,BATF3,BBS2,BBS9,BCAP29,BCCIP,BCHE,BCL11A,BCL9L,BCL9,BHLHE41,BIRC2,BLNK,BMP2,BMP5,BMP7,BMPR1A,BTBD1,BTK,C1GALT1,C1QBP,C1QTNF3,CACNA2D2,CACNG7,CACYBP,CALCR,CAMK2B,CAND1,CAPN3,CAPRIN2,CASP2,CASP8,CASQ2,CAT,CAV1,CAV2,CBFA2T2,CBFB,CCDC88A,CCDC88C,CCNB1IP1,CCND1,CD2,CD38,CD46,CD81,CD83,CD86,CD9,CDC25B,CDH11,CDH17,CDH1,CDH23,CDH2,CDHR2,CDK13,CDK5RAP1,CDK5RAP3,CDK6,CDKL3,CDKL5,CDKN1B,CDKN2C,CDON,CDX1,CEACAM5,CECR2,CELSR1,CELSR3,CENPF,CEP152,CFLAR,CFTR,CHD5,CHRDL1,CLASP1,CLASP2,CLDN18,CLN5,CLU,CNGB1,CNN3,CNOT2,CNOT4,CNTN1,CNTNAP1,COBL,COCH,COL11A1,COL12A1,COL19A1,COL1A1,COL4A1,CORO1C,CPEB3,CPS1,CPT1A,CR2,CRB2,CREB1,CREBBP,CREBL2,CREM,CRMP1,CRTAC1,CRTC1,CRYGD,CTH,CTNNA1,CTNNA2,CTNNB1,CUL3,CUL7,CUX2,CYB5R4,CYFIP2,CYLD,DAB2IP,DAB2,DACT3,DAG1,DAZAP1,DAZL,DCT,DCX,DDR2,DDX17,DDX20,DDX25,DDX5,DDX6,DGKG,DHRS7B,DHRS9,DICER1,DLD,DLX4,DLX5,DMC1,DMPK,DNAJA3,DNM1L,DNM2,DNMT3A,DOCK7,DOK5,DPYSL2,DSG2,DSP,DTNBP1,ECT2,EDN1,EDN3,EED,EEF2K,EFEMP1,EFHD1,EFNA1,EGR1,EGR2,EIF2AK1,EIF2B1,EIF2B3,EIF2B4,ELF1,ELF2,ELK3,ELL3,EML1,EOMES,EP300,EPAS1,EPB41L3,EPB41L5,EPC1,EPCAM,EPHA3,EPHA4,EPHA6,EPM2A,ERBB3,ERCC1,EREG,ERF,ERG,ESR1,ESRP1,ETV1,EXPH5,EYA1,EYA2,EYA4,EZH2,FAM120B,FAM172A,FAM83D,FASLG,FBLN1,FBXO31,FBXO5,FBXO7,FBXO9,FBXW7,FERMT2,FGF10,FGF1,FGF20,FGF8,FGFR1,FGFR2,FGFR3,FHL1,FHL2,FIG4,FLT1,FLT3,FMR1,FN1,FNDC3A,FOXA1,FOXA2,FOXC2,FOXF2,FOXJ2,FOXO3,FOXP1,FRK,FRYL,FRY,FSTL4,FUZ,FXR1,FYN,FZD3,GAB1,GAB2,GALNTL5,GAS7,GCNT2,GHRHR,GHR,GLG1,GLI2,GLI3,GLIPR2,GMCL1,GNA13,GNAS,GON4L,GOPC,GORASP2,GOT1,GPLD1,GPM6B,GPR137B,GRB10,GREM1,GRHL2,GSC,GSK3A,GSK3B,GSTP1,H2AFY2,H2AFY,HAS2,HCK,HDAC1,HDAC2,HDAC4,HDAC9,HECW1,HERC1,HES1,HEXB,HEY1,HEY2,HEYL,HGF,HIF1A,HIPK2,HIRA,HLF,HMGA2,HMGCR,HNF4A,HNRNPAB,HNRNPC,HNRNPH3,HOXA11,HOXA2,HOXA5,HOXA7,HOXA9,HOXB3,HOXB5,HOXB8,HOXC8,HPN,HSP90AA1,HSPA9,HSPB11,HTR2A,HTRA2,HUWE1,IAPP,IBSP,ICAM1,ID2,IFNA6,IFNGR1,IFRD1,IFT20,IFT74,IFT80,IFT88,IGF1,IGSF9,IL12RB1,IL18R1,IL1A,IL2,IL4R,IL5,IL7,IMPAD1,INHBA,IQCG,ISL1,ITCH,ITGA4,ITGA5,ITGA6,ITGA8,ITGB8,ITK,ITM2A,JAK2,JAK3,JARID2,JMJD6,KANK1,KAT2B,KAZALD1,KCNAB2,KDM1A,KDM3A,KDM4C,KDM5B,KEAP1,KIAA1107,KIF14,KIF2A,KITLG,KLF5,KRT18,KRT19,KRT5,KRT8,LAMA1,LAMA2,LAMA3,LAMA4,LAMA5,LAMB1,LAMB4,LAMC2,LDB3,LEF1,LEPR,LFNG,LGI1,LHX5,LIMS1,LMO3,LOXL2,LOXL3,LOX,LRP2,LRP6,LTBP4,LTBR,LY9,MAD2L2,MAK,MAN2A1,MAP2K4,MAP2,MAP3K13,MAP3K4,MAP4K4,MAP4,MAPK14,MAPK1,MAPK6,MAPK9,MARK1,MARK2,MAST2,MBNL3,MCF2,MCOLN3,MECOM,MEF2A,MEF2C,MEF2D,MEGF9,METRN,METTL8,MET,MGST1,MIB1,MICALL1,MLH1,MMD,MMP2,MMP9,MORC1,MORF4L2,MOSPD1,MPP5,MREG,MSH2,MSR1,MSX1,MSX2,MTMR2,MTR,MUSK,MYB,MYCBP2,MYEF2,MYF5,MYH9,MYO16,MYO9A,MYOM1,MYOM2,NAV3,NCK2,NCKAP1,NCOA1,NCOA3,NDE1,NDRG3,NEBL,NEDD4L,NEDD4,NEDD9,NEO1,NFATC2,NFATC3,NFE2L2,NFKB1,NGEF,NIN,NKAP,NKX2-1,NLN,NOG,NOS1,NOTCH1,NOX4,NPHP3,NR1H3,NR1H4,NR2C1,NR4A1,NR4A3,NR5A2,NRCAM,NRK,NRN1,NRP1,NRP2,NRXN3,NTN1,NTN4,NUP133,OCA2,OCIAD1,OGDH,OLFM1,OLFM2,OLFM3,ONECUT2,OPHN1,OPRM1,OSBPL8,OSTM1,OVOL2,PACRG,PACSIN1,PAFAH1B1,PAK3,PARP11,PBLD,PCK2,PCM1,PDE4D,PDGFB,PERP,PEX7,PGF,PGK1,PGR,PHACTR1,PHF19,PHGDH,PHLDB1,PHLDB2,PHOX2B,PIAS1,PICALM,PIH1D1,PIK3CA,PIK3CB,PIR,PKP2,PLEKHA1,PLEKHB2,PLP1,PLXNA2,PMP22,POF1B,POFUT2,POLM,POU1F1,POU6F2,PPARGC1A,PPP1R13L,PPP2CA,PPP2R1A,PPP2R3C,PPP2R5B,PPP3CB,PRDM1,PRDM6,PREX1,PREX2,PRKCH,PRKCQ,PRLR,PROM1,PROX1,PRRX1,PSD,PSEN1,PSMA3,PSMC4,PSMD14,PSMD5,PSME1,PSME4,PTCD2,PTK2B,PTK7,PTN,PTPRC,PTPRZ1,PUS7,QKI,RAB10,RAB11A,RAB21,RAB27A,RAB32,RAB38,RAI14,RANBP9,RAP1A,RAP2A,RAP2C,RAPGEF1,RAPGEF2,RARB,RASGRF1,RASIP1,RBBP5,RBL1,RBL2,RBM24,RBPJ,RC3H2,RECK,REG1A,REST,RFX2,RFX3,RGS2,RGS4,RHAG,RHEB,RHOA,RIMS1,ROCK1,ROGDI,ROPN1,RORA,ROS1,RP1,RPE65,RPGRIP1,RPS15,RPS6KA2,RPS6KA5,RREB1,RRN3,RTN4,RUFY3,RUNX1T1,RUNX2,S100A4,SARM1,SATB2,SCIN,SCYL3,SDC1,SDC4,SDCBP,SDCCAG8,SDHAF2,SEMA3A,SEMA3C,SEMA5A,SEMA6A,SENP1,SEPT7,SERPINB3,SERPINH1,SETX,SEZ6,SFRP1,SFRP2,SFRP4,SGK1,SH3GL2,SH3PXD2A,SHB,SIM1,SIPA1L3,SIRT1,SLC1A3,SLC22A16,SLC26A3,SLC4A7,SLITRK3,SMAD2,SMAD3,SMAD4,SMAD5,SMAD7,SMAP1,SMARCA1,SMARCA2,SMARCB1,SMPD3,SMYD1,SNAI1,SNAI2,SNW1,SNX10,SNX19,SNX3,SOAT1,SOHLH2,SOS1,SOX21,SOX4,SOX6,SOX9,SPACA1,SPAG4,SPAG6,SPAG9,SPAST,SPATA20,SPEN,SPG11,SPI1,SPO11,SPP1,SPTBN1,SPTB,SREBF1,SRPK1,SRRT,STAP1,STAT1,STK11,STK24,STK25,STK3,STK4,STMN2,STRAP,STRN,STX2,SUFU,SULT1E1,SUN2,SYNE2,SYT1,TAF7L,TANC1,TBC1D23,TBCB,TBPL1,TBX18,TBX22,TBX5,TCF21,TCF3,TCF4,TCF7L2,TDP2,TDRD1,TEK,TFCP2L1,TGFB1I1,TGFB1,TGFB2,TGFB3,TGFBI,TGFBR1,TGFBR2,TGFBR3,THOC2,THOC5,THSD7A,TIE1,TJP1,TJP2,TLL1,TLL2,TMEM100,TMEM106B,TMEM176A,TMEM30A,TMEM38B,TNFRSF12A,TNFRSF1B,TNFSF11,TNFSF8,TNK2,TNN,TNRC6A,TNRC6B,TNRC6C,TNR,TOP2B,TP63,TPD52,TRAK2,TRIM28,TRIM32,TRIM62,TRIM67,TRIM6,TRIO,TRIP11,TRPC5,TRPS1,TSNAXIP1,TSNAX,TTC21B,TTC26,TTL,TWIST1,TYRP1,UBA6,UBE2B,UBE3A,ULK2,UNC5A,UPK1B,USH2A,USP13,USP42,USP9X,UST,VAMP7,VAPA,VASN,VAX2,VCAN,VCL,VDR,VEGFA,VIM,VNN1,WARS2,WASF1,WASL,WDR62,WDR7,WIPF3,WISP1,WNK1,WNT11,WNT16,WNT2,WNT4,WNT5A,WNT8A,WWTR1,XK,XRCC5,XRN2,YTHDC1,YTHDC2,YWHAE,ZBTB16,ZEB1,ZEB2,ZFAT,ZNF423,ZNF516,ZNF541,ZNF703,ZPBP"
"GO:BP","cell fate commitment","GO:0045165","0.000059085695029831825","4.228517651463849","278","2890","75","17906","ACVR1,APC2,ARHGEF2,BMP2,BMPR1A,CDON,CHD5,CTNNB1,CYLD,DOCK7,EOMES,EPAS1,ESRP1,EYA1,EYA2,FGF10,FGF8,FGFR1,FGFR2,FOXA1,FOXA2,FOXC2,GLI2,GLI3,GSC,HES1,HEY2,HOXA11,HOXA2,ID2,IFRD1,IL12RB1,IL7,ISL1,LOXL3,LY9,MEF2C,MYF5,NKX2-1,NOTCH1,NRP1,ONECUT2,POU1F1,POU6F2,PRDM1,PROX1,PRRX1,PSEN1,RAB10,RBPJ,RHOA,RORA,RUNX2,SATB2,SFRP1,SFRP2,SMAD2,SMAD4,SMAD5,SOX6,SOX9,SUFU,TBX18,TBX22,TBX5,TCF3,TCF7L2,TGFB1I1,TGFBR1,WNT11,WNT16,WNT2,WNT4,WNT5A,WNT8A"
"GO:BP","cell growth","GO:0016049","0.0000022125980839613055","5.655097468029468","498","2890","126","17906","ABL1,ADAM15,ADIPOR2,ADNP,ADRA1A,ARHGAP4,BCL11A,BDKRB1,BLZF1,CACNG7,CAPRIN2,CD38,CDHR2,CDKL3,CDKL5,CDKN1B,CDKN2C,CHPT1,COBL,CSNK2A1,CTNNB1,CYFIP2,DACT3,DCBLD2,DCX,DERL2,DNM2,DPYSL2,EDN1,EPB41L3,EPB41L5,EPM2A,FHL1,FN1,FSTL4,GREM1,GSK3A,GSK3B,HNF4A,HPN,HSP90AA1,IFRD1,IGF1,IL2,INHBA,ITCH,ITGA4,KAZALD1,KIF14,KIF26A,KLHL22,LEF1,LGI1,LTBP4,MAD2L2,MAP2K4,MAP2,MAP3K13,MSX1,NDRG3,NEDD4L,NIN,NRCAM,NRN1,NRP1,NRP2,NTN1,OLFM1,PAFAH1B1,PAPPA2,PPP2CA,PPP2R1A,PPP3CB,PRDM11,PRKCQ,PTK2B,RAB11A,RAB21,REG1A,RGS2,RGS4,RHOA,RIMS1,ROS1,RTN4,RUFY3,SDCBP,SEMA3A,SEMA3C,SEMA5A,SEMA6A,SFRP1,SFRP2,SGK1,SGK3,SH3GL2,SIRT1,SMAD3,SMAD4,SMAD7,SMARCA2,SOX9,SPG11,SPP1,ST7L,STK11,SYT1,TGFB1,TGFB2,TGFB3,TGFBR1,TGFBR2,TNFRSF12A,TNR,TP53TG5,TRIM32,TRPC5,TTL,ULK2,USP9X,VCL,VEGFA,WASF1,WNT11,WNT5A,ZEB2"
"GO:BP","cell junction assembly","GO:0034329","1.8226401811822467e-10","9.739299059677924","245","2890","84","17906","ABL1,ACTB,ACTN2,ARHGAP6,ARHGEF7,ARVCF,CAPZA1,CAV1,CBFB,CD9,CDH10,CDH11,CDH17,CDH19,CDH1,CDH23,CDH26,CDH2,CDH6,CDH7,CDH9,CLASP1,CLASP2,CLDN11,CNTNAP1,COL17A1,CORO1C,CORO2B,CTNNA1,CTNNB1,DLG1,DUSP22,ECT2,EPB41L3,EPB41L5,EPHA3,FERMT2,FN1,GPM6B,GREM1,GRHL2,ITGA5,ITGA6,KRT5,LAMA3,LAMC2,LIMCH1,LIMS1,MAP4K4,MPP5,MYO9A,NR1H4,NRP1,OCLN,OPHN1,PHLDB2,PKN2,PKP2,POF1B,PRKCH,PTK2B,RAP1A,RAPGEF1,RAPGEF2,RHOA,ROCK1,SDC4,SFRP1,SLK,SMAD3,SMAD7,SNAI1,SNAI2,SORBS1,STRN,TEK,TESK2,TJP1,TRIP6,VCL,VEGFA,WNT11,WNT4,ZNF703"
"GO:BP","cell migration","GO:0016477","3.579356982268122e-7","6.446194985684373","1620","2890","344","17906","ABCC8,ABL1,ACVR1C,ACVR1,ADAM15,ADD2,AGER,AKT3,ALKBH1,ALOX12,ALX1,ANGPT2,ANLN,APC2,APOA1,APOB,APOH,ARHGAP4,ARHGDIB,ARHGEF2,ARHGEF7,ARSB,ASAP3,ASPM,ATP2B4,ATP8A1,AVL9,B4GALT1,BAMBI,BDKRB1,BMP2,BMP5,BMP7,BMPR1A,BST1,C1QBP,C5,CAMK2B,CARD10,CAV1,CBLL1,CCAR1,CCDC88A,CCL7,CCL8,CCRL2,CD200,CD2,CD44,CD81,CD99L2,CD99,CD9,CDH1,CDH2,CDKL5,CEACAM5,CEACAM6,CELSR1,CELSR3,CLASP1,CLASP2,COL1A1,CORO1C,CPNE3,CRB2,CTNNA2,CTNNB1,CTSH,CUL3,CXCL6,DAB2IP,DAB2,DAG1,DAPK2,DBH,DCN,DCX,DDR2,DDX58,DEPDC1B,DNM1L,DOCK7,DOCK8,DPEP1,DUSP1,DUSP22,EDN1,EDN3,EFHC1,EFNA1,EPB41L4B,EPB41L5,EPCAM,EPHA3,EPHA4,EPX,FAM83D,FAP,FBXO31,FBXO5,FBXW7,FGF10,FGF1,FGF8,FGFR1,FLT1,FN1,FOXC2,FOXO3,FOXP1,FUT8,FUZ,FYN,FZD3,GAB1,GADD45A,GBF1,GCNT2,GLG1,GLI3,GLIPR2,GNA13,GNAI2,GOLPH3,GPC4,GPLD1,GRB10,GRB14,GREM1,GSK3A,GSTP1,HACE1,HAS2,HCK,HDAC4,HDAC9,HES1,HEXB,HGF,HIF1A,HOXA5,HOXA7,ICAM1,IGF1,IL1R1,ISL1,ITGA4,ITGA5,ITGA6,ITGAL,ITGB6,ITGB8,JAK2,KANK1,KIF14,KIF2A,KITLG,KRIT1,LAMA1,LAMA2,LAMA3,LAMA4,LAMA5,LAMB1,LAMB4,LAMC2,LEF1,LGMN,LIMA1,LIMCH1,LOXL2,LOX,MADCAM1,MAP4K4,MAPK14,MAPK1,MAPRE1,MARK1,MARK2,MAZ,MCAM,MEF2C,MEGF9,MEOX2,MET,MMP9,MSX2,MYH9,MYLK,NAV3,NCK2,NCKAP1,NDE1,NEDD9,NFATC2,NFE2L2,NKX2-1,NOG,NOTCH1,NOX1,NOX4,NR4A1,NR4A3,NRCAM,NRP1,NRP2,NTN1,NTN4,OGDH,ONECUT2,OPHN1,OSBPL8,OVOL2,PADI2,PAFAH1B1,PAK3,PBLD,PCM1,PDCD10,PDE4D,PDGFB,PDS5B,PEX7,PFN1,PFN2,PGF,PHACTR1,PHLDB2,PHOX2B,PIK3C2A,PIK3CA,PIK3CB,PIK3CG,PKN1,PKN2,PLXNA2,PPARGC1A,PREX1,PRKCQ,PROX1,PRSS3,PSEN1,PTK2B,PTK7,PTN,PTP4A1,PTPRC,RAB11A,RAP2A,RAP2C,RAPGEF2,RECK,RHOA,RHOBTB1,RHOQ,RND3,ROCK1,RREB1,RTN4,RUFY3,SASH1,SATB2,SCYL3,SDC1,SDC4,SDCBP,SDCCAG8,SELE,SEMA3A,SEMA3C,SEMA5A,SEMA6A,SEPT7,SERPINB3,SFRP1,SFRP2,SGK1,SGK3,SIRPG,SIRT1,SLC12A2,SLK,SMAD3,SMAD7,SMOC2,SMPD3,SMURF2,SNAI1,SNAI2,SOS1,SOX9,SP100,SPAG9,SSH1,STAP1,STK10,STK24,STK4,STRAP,SUN2,SYNE2,TAC1,TBX5,TEK,TGFB1I1,TGFB1,TGFB2,TGFBR1,TGFBR2,TGFBR3,THBS4,TIE1,TJP1,TMSB10,TNFAIP1,TNFAIP3,TNFAIP6,TNFRSF10A,TNFRSF12A,TNFSF11,TNFSF18,TNN,TNR,TOP2B,TRIM32,TRIP6,TWIST1,USP34,USP9X,VCL,VEGFA,WASL,WISP1,WNK1,WNT11,WNT4,WNT5A,WWC1,YWHAE,ZEB2,ZFAND5,ZNF703,ZRANB1"
"GO:BP","cell morphogenesis involved in differentiation","GO:0000904","6.80691437117333e-8","7.167049712648057","769","2890","187","17906","ABL1,ACTB,ADNP,ALS2,ANKRD27,APOA1,ARHGAP4,ARHGEF7,B4GALT6,BMP7,C1QBP,CAMK2B,CAPRIN2,CCDC88C,CDH11,CDH2,CDKL3,CDKL5,CELSR3,COBL,COCH,COL12A1,CORO1C,CREB1,CRMP1,CTNNA2,CTNNB1,CUL3,CUL7,CUX2,CYFIP2,DAG1,DCX,DLX5,DNM1L,DNM2,DOCK7,DOK5,DPYSL2,DTNBP1,EEF2K,EFNA1,EGR2,EP300,EPB41L5,EPHA3,EPHA4,EPHA6,ETV1,FBLN1,FBXO31,FERMT2,FGF8,FGFR2,FN1,FSTL4,FYN,FZD3,GAB1,GAB2,GLI2,GLI3,GRB10,GRHL2,GSK3B,HAS2,HECW1,HES1,HOXA2,HSP90AA1,ID2,IFRD1,IGSF9,ISL1,ITGA4,ITGA8,KANK1,KIF14,LAMA1,LAMA2,LAMA5,LAMB1,LAMB4,LAMC2,LEF1,LGI1,LIMS1,MAP2,MAP3K13,MAPK1,MARK2,MCF2,MEF2A,MEF2C,MEGF9,METRN,MET,MYCBP2,MYH9,NEDD4L,NEDD4,NEDD9,NEO1,NGEF,NIN,NKX2-1,NOG,NOTCH1,NR4A3,NRCAM,NRP1,NRP2,NRXN3,NTN1,NTN4,OLFM1,OPHN1,PAFAH1B1,PAK3,PHACTR1,PHOX2B,PICALM,PIK3CA,PIK3CB,PLXNA2,POF1B,PPP3CB,PREX1,PREX2,PRKCQ,PROX1,PSEN1,PTN,PTPRZ1,RAB10,RAB11A,RAB21,RANBP9,RAP2A,RAPGEF2,RHOA,ROCK1,RPS6KA5,RREB1,RTN4,RUFY3,SARM1,SEMA3A,SEMA3C,SEMA5A,SEMA6A,SIPA1L3,SLC1A3,SLITRK3,SMAD4,SOS1,SPAST,SPG11,SPP1,SPTBN1,SPTB,STK11,STK25,TEK,TGFB1I1,TMEM106B,TNFRSF12A,TNN,TNR,TOP2B,TRAK2,TRIO,TRPC5,TTL,UBE3A,ULK2,UNC5A,USP9X,UST,VAMP7,VAX2,VCL,VEGFA,WASL,WNT5A,XK,ZEB2"
"GO:BP","cell motility","GO:0048870","0.0000019967860768071097","5.699668460236314","1781","2890","368","17906","ABCC8,ABL1,ACTB,ACTR3,ACVR1C,ACVR1,ADAM15,ADD2,AGER,AKT3,ALKBH1,ALOX12,ALX1,ANGPT2,ANLN,APC2,APOA1,APOB,APOH,ARHGAP4,ARHGDIB,ARHGEF2,ARHGEF7,ARMC2,ARSB,ASAP3,ASH1L,ASPM,ATP2B4,ATP8A1,AVL9,B4GALT1,BAMBI,BBS2,BDKRB1,BMP2,BMP5,BMP7,BMPR1A,BST1,C1QBP,C5,CAMK2B,CARD10,CAV1,CBLL1,CCAR1,CCDC88A,CCL7,CCL8,CCRL2,CD200,CD2,CD44,CD81,CD99L2,CD99,CD9,CDH1,CDH2,CDK6,CDKL5,CEACAM5,CEACAM6,CELSR1,CELSR3,CLASP1,CLASP2,COL1A1,CORO1C,CPNE3,CRB2,CTNNA1,CTNNA2,CTNNB1,CTSH,CUL3,CXCL6,DAB2IP,DAB2,DAG1,DAPK2,DBH,DCN,DCX,DDR2,DDX58,DEPDC1B,DNAH11,DNAH5,DNAH7,DNAH8,DNAI1,DNM1L,DOCK7,DOCK8,DPEP1,DUSP1,DUSP22,EDN1,EDN3,EFHC1,EFNA1,EPB41L4B,EPB41L5,EPCAM,EPHA3,EPHA4,EPX,ERBB3,EREG,FAM83D,FAP,FBLN1,FBXO31,FBXO5,FBXW7,FGF10,FGF1,FGF8,FGFR1,FLT1,FN1,FOXC2,FOXO3,FOXP1,FUT8,FUZ,FYN,FZD3,GAB1,GADD45A,GBF1,GCNT2,GLG1,GLI3,GLIPR2,GNA13,GNAI2,GOLPH3,GPC4,GPLD1,GRB10,GRB14,GREM1,GSK3A,GSTP1,HACE1,HAS2,HCK,HDAC4,HDAC9,HES1,HEXB,HGF,HIF1A,HOXA5,HOXA7,ICAM1,IGF1,IL1R1,IQCG,ISL1,ITGA4,ITGA5,ITGA6,ITGAL,ITGB6,ITGB8,JAK2,KANK1,KIF14,KIF2A,KITLG,KRIT1,LAMA1,LAMA2,LAMA3,LAMA4,LAMA5,LAMB1,LAMB4,LAMC2,LEF1,LGMN,LIMA1,LIMCH1,LOXL2,LOX,MADCAM1,MAP4K4,MAPK14,MAPK1,MAPRE1,MARK1,MARK2,MAZ,MCAM,MEF2C,MEGF9,MEOX2,MET,MMP9,MSX2,MYH9,MYLK,NAV3,NCK2,NCKAP1,NDE1,NEDD9,NFATC2,NFE2L2,NKX2-1,NOG,NOTCH1,NOX1,NOX4,NR4A1,NR4A3,NRCAM,NRP1,NRP2,NTN1,NTN4,OGDH,ONECUT2,OPHN1,OSBPL8,OVOL2,PADI2,PAFAH1B1,PAK3,PBLD,PCM1,PDCD10,PDE4D,PDGFB,PDS5B,PEX7,PFN1,PFN2,PGF,PHACTR1,PHLDB2,PHOX2B,PIK3C2A,PIK3CA,PIK3CB,PIK3CG,PKN1,PKN2,PLD1,PLXNA2,PPARGC1A,PREX1,PRKCQ,PROX1,PRSS3,PSEN1,PTK2B,PTK7,PTN,PTP4A1,PTPRC,RAB11A,RAP2A,RAP2C,RAPGEF2,RECK,RFX3,RHOA,RHOBTB1,RHOQ,RND3,ROCK1,ROPN1,RREB1,RSPH4A,RTN4,RUFY3,SASH1,SATB2,SCYL3,SDC1,SDC4,SDCBP,SDCCAG8,SELE,SEMA3A,SEMA3C,SEMA5A,SEMA6A,SEPT7,SERPINB3,SFRP1,SFRP2,SGK1,SGK3,SIRPG,SIRT1,SLC12A2,SLC22A16,SLK,SMAD3,SMAD7,SMOC2,SMPD3,SMURF2,SNAI1,SNAI2,SOS1,SOX9,SP100,SPAG9,SSH1,SSX2IP,STAP1,STK10,STK24,STK4,STRAP,SUN2,SYNE2,TAC1,TACR1,TBX5,TEK,TGFB1I1,TGFB1,TGFB2,TGFBR1,TGFBR2,TGFBR3,THBS4,TIE1,TJP1,TMSB10,TNFAIP1,TNFAIP3,TNFAIP6,TNFRSF10A,TNFRSF12A,TNFSF11,TNFSF18,TNN,TNR,TOP2B,TRIM32,TRIP6,TWIST1,UBE2B,USP34,USP9X,VCL,VEGFA,WASL,WISP1,WNK1,WNT11,WNT4,WNT5A,WWC1,YWHAE,ZEB2,ZFAND5,ZNF703,ZRANB1"
"GO:BP","cell-cell signaling","GO:0007267","4.719680698147747e-14","13.326087381815736","1699","2890","397","17906","AACS,ABCC8,ABL1,ACSL4,ACVR1C,ADNP,ADRA1A,AGER,AKAP7,ALS2,AMPH,AP2B1,AP2S1,APBA1,APBA2,APBA3,APC2,ARHGEF7,ARID1B,ARL6,ASH1L,ASIP,ASPM,ATXN3,AXIN1,AXIN2,BAMBI,BCHE,BCL9L,BCL9,BICC1,BIRC5,BMP2,BTK,C1QTNF3,CACNA2D2,CACNG4,CADPS2,CALB1,CALCOCO1,CAMK2B,CAPRIN2,CASQ2,CAV1,CBFB,CCDC88C,CCL7,CCL8,CCND1,CCNY,CD33,CD38,CDH11,CDH1,CDH2,CDK14,CELSR1,CELSR3,CFTR,CHD8,CHRNA2,CHRNB4,COL1A1,CPEB3,CPE,CPT1A,CREB1,CRTC1,CRY1,CSNK1A1,CSNK2A1,CTNNB1,CUL1,CUL3,CUX2,CXCL6,CYB5R4,CYLD,CYP46A1,DAAM1,DAB2IP,DAB2,DACT3,DAG1,DBH,DEPDC1B,DLG1,DLX5,DMPK,DNAJC5,DNM1L,DTNBP1,EDN1,EDN3,EFNA1,EGR1,EGR2,ENY2,EPHA4,EPM2A,EREG,ESR1,FASLG,FBXL20,FBXW11,FBXW4,FERMT2,FGF10,FGF12,FGF14,FGF20,FGF21,FGFR1,FGFR2,FGFR3,FMR1,FOXA1,FOXA2,FOXO3,FUZ,FYN,FZD3,GABRA1,GABRA3,GABRA4,GABRE,GABRG2,GABRP,GABRR2,GCG,GCK,GHRHR,GLI2,GLI3,GLRA2,GLRB,GLS,GNAI2,GNAO1,GNAS,GNB1,GPC4,GPLD1,GRB10,GREM1,GRIA2,GRIA3,GRIN2D,GSC,GSK3A,GSK3B,HBP1,HDAC1,HECW1,HES1,HGF,HIF1A,HMGA2,HMGCR,HNF4A,HOXA5,HTR2A,IAPP,ICA1,IFT20,IFT80,IGFBP2,IL26,IL2,IL7,INHBA,INVS,IQSEC2,ISL1,ITPR2,JAK2,KANK1,KCNC4,KCNN1,KCNQ1,KDM5B,KIF1B,KLF5,KMO,KPNA1,LAMA2,LEF1,LGI1,LGMN,LHX5,LIN7A,LNPEP,LRP6,LRRFIP2,LTBP4,MAD2L2,MAP4K4,MAPK14,MAPK1,MARK1,MARK2,MARK4,MEF2C,MTMR2,MYB,NAMPT,NDP,NFKB1,NID1,NLK,NMU,NOG,NOS1,NOTCH1,NPHP3,NR1H4,NRN1,NRP1,NRXN2,NRXN3,NTSR1,NUP155,OPHN1,OPRM1,OXCT1,PACSIN2,PAFAH1B1,PAIP2,PANX1,PASK,PCDH17,PCDHB10,PCDHB14,PCDHB3,PCDHB4,PCSK5,PDGFB,PFN1,PFN2,PGF,PGR,PHEX,PKD1,PKD2,PKP2,PLCB4,PLCL1,PLP1,PMP22,PPM1A,PPP2CA,PPP2R1A,PPP3CB,PRKAR2B,PSEN1,PSMA3,PSMC4,PSMD14,PSMD5,PSME1,PSME4,PTK2B,PTK7,PTN,RAB11A,RAB11FIP2,RAB11FIP3,RAB3GAP1,RAP1A,RAPGEF1,RAPGEF2,RAPGEF4,RASGRF1,RBPJ,RBX1,RECK,REST,RFX3,RGS4,RHOA,RIMBP2,RIMS1,RIMS3,RNF146,RNF19A,RNF216,RNF43,RPH3A,SCGN,SCTR,SDC1,SDCBP,SDHAF2,SEMA5A,SERP1,SERPINB3,SEZ6,SFRP1,SFRP2,SFRP4,SIRPG,SKP1,SLC16A10,SLC17A7,SLC1A1,SLC1A2,SLC1A3,SLC24A1,SLC29A1,SLC5A7,SMAD2,SMAD3,SMAD4,SMPD3,SMURF2,SNAI2,SNCAIP,SNX19,SNX3,SOX4,SOX9,SPG11,SPIN1,SPP1,SREBF1,SRGN,SRI,SSH1,STAU1,STK11,STK3,STK4,STRN,STX2,STXBP3,SV2C,SYPL1,SYT10,SYT1,SYTL4,TAC1,TARDBP,TBL1X,TBX18,TBX5,TCF7L2,TEK,TGFB1I1,TLE4,TM7SF3,TMED1,TNFAIP3,TNFAIP6,TNFRSF1B,TNFSF10,TNFSF11,TNFSF18,TNFSF8,TNKS2,TNN,TNRC6A,TNRC6B,TNRC6C,TNR,TP63,TRHDE,TRIM9,TSC2,TSPAN12,UBE2B,UBR5,USP14,USP34,USP46,UTS2,VAMP7,VAX2,VIPR2,VPS26A,VPS29,VRK1,VRK2,WISP1,WISP3,WLS,WNK1,WNT11,WNT16,WNT2,WNT4,WNT5A,WNT8A,WWTR1,XIAP,ZEB2,ZNF703,ZRANB1"
"GO:BP","cell-matrix adhesion","GO:0007160","0.000676592977787552","3.169672513973316","230","2890","61","17906","ABL1,ACTN2,ADAM15,ARHGAP6,ARHGEF7,BST1,CD44,CDK6,CEACAM6,CLASP1,CLASP2,COL17A1,COL19A1,CORO1C,CORO2B,CTNNB1,DAG1,DUSP22,ECM2,EPB41L5,EPDR1,EPHA3,FERMT2,FN1,GPM6B,GREM1,GSK3B,HOXA7,ITGA4,ITGA6,ITGA8,ITGAL,ITGB6,ITGB8,LIMCH1,LIMS1,MADCAM1,MAP4K4,MYF5,NID1,NRP1,ONECUT2,PHLDB2,PIK3CB,PKD1,PTK2B,RHOA,ROCK1,SDC4,SFRP1,SLK,SMAD3,SORBS1,TEK,TESK2,TNN,TRIP6,TRPM7,VCL,VEGFA,WNT4"
"GO:BP","cytoskeleton organization","GO:0007010","0.000008624131958559064","5.064284606930575","1371","2890","289","17906","ABL1,ABLIM1,ACTB,ACTL8,ACTN2,ACTR3C,ACTR3,ADD1,ADD2,ALMS1,ANK1,ANLN,APC2,APOA1,ARFGEF1,ARHGAP10,ARHGAP28,ARHGAP4,ARHGAP6,ARHGDIB,ARHGEF10L,ARHGEF18,ARHGEF2,ARMC2,ASAP3,ASPM,ATP2C1,ATRX,ATXN3,BAIAP2L1,BBS2,BCCIP,BIRC5,BRCA1,BST1,CAP2,CAPN3,CAPN6,CAPZA1,CAPZB,CASQ2,CC2D2A,CCDC114,CCDC6,CCDC88A,CCDC88C,CCL7,CDC14A,CDC14B,CDKN1B,CECR2,CELSR1,CEP152,CEP192,CEP68,CEP70,CEP76,CFLAR,CHMP2B,CHMP4B,CHORDC1,CLASP1,CLASP2,CNN3,CNTLN,CNTNAP1,COBL,CORO1C,CORO2B,COTL1,CRMP1,CROCC,CSNK1A1,CTNNA2,CTNNB1,CUL3,CUL7,CYLD,DAAM1,DAG1,DCX,DLG1,DNAH5,DNAH7,DNAH8,DNAI1,DNAL1,DOCK7,DPYSL2,DSP,DTNBP1,ECT2,EDN1,EFHC1,EHBP1,EML1,EPB41L2,EPB41L3,EPB41L4B,EPB41L5,EPHA3,FBXO5,FGF10,GAB1,GADD45A,GPM6B,GPSM2,GSK3B,HCK,HOOK2,ICAM1,IQCG,IQSEC2,JAK2,KANK1,KAT2B,KATNAL1,KIAA1211,KIF18A,KIF20A,KIF25,KIF2A,KIF3B,KIF4A,KLHL20,KLHL24,KPNB1,KRT18,KRT19,KRT5,KRT8,LDB3,LIMA1,LIMCH1,LLGL2,MAD2L2,MAP2,MAP4,MAPK1,MAPKAP1,MAPRE1,MARK1,MARK2,MARK3,MARK4,MAST2,MAST4,MDM1,MEF2A,MEF2C,MET,MICALL1,MID1,MLH1,MYCBP2,MYH14,MYH9,MYOM1,MYOM2,NAV3,NCK2,NCKAP1,NDC80,NDE1,NEBL,NEDD9,NEK2,NINL,NIN,NOX4,NRK,NRP1,OCLN,OPHN1,PACSIN1,PACSIN2,PAFAH1B1,PAK3,PALM,PARD3B,PCM1,PDLIM1,PFN1,PFN2,PHACTR1,PHLDB1,PHLDB2,PIBF1,PKD1,PKD2,PKP2,PLS1,PLS3,POF1B,PPP1R12A,PPP2R1A,PPP2R3C,PREX1,PROX1,PTK2B,PTK7,RAB11A,RALA,RANBP9,RAP2A,RASSF1,RASSF7,RASSF8,RGS4,RHOA,RHOBTB1,RHOQ,RND3,RNF19A,RNF4,ROCK1,RP1,RSPH4A,RUFY3,SCIN,SDC4,SDCBP,SDCCAG8,SEMA5A,SEMA6A,SENP6,SFRP1,SH3D19,SIPA1L3,SLAIN2,SLK,SMAD3,SMAD4,SMC1A,SMC3,SORBS1,SORBS3,SOX9,SPAG1,SPAG4,SPAST,SPATA7,SPTBN1,SPTB,SSH1,SSX2IP,STAG1,STAG2,STAP1,STIL,STMN2,SUN2,SYNE2,TAC1,TEK,TESK2,TGFB1,TGFB3,TGFBR1,THSD7A,TJP1,TMSB10,TNFAIP1,TNFAIP3,TPR,TRIM32,TRIM37,TRIP10,TRPM7,TTC17,TTC26,TTK,TTL,UBE2B,VAMP4,VIM,VPS4B,WASF1,WASL,WDR62,WIPF1,WIPF3,WNT11,WNT4,XPO1,ZMYND10,ZNF207,ZRANB1,ZW10"
"GO:BP","embryonic morphogenesis","GO:0048598","4.3584414304885334e-11","10.360668785765627","608","2890","167","17906","ABL1,ACVR1,ACVR2A,ALX1,APAF1,APOA1,ARFRP1,ATP6V1B1,B9D1,BMP5,BMP7,BMPR1A,CC2D2A,CDON,CECR2,CELSR1,CLASP1,CLASP2,COBL,COL11A1,COL12A1,CRB2,CREBBP,CTNNB1,CUL3,DAG1,DLD,DLG1,DLX5,DUSP1,DUSP4,EDN1,EFEMP1,EFNA1,EOMES,EPB41L5,EYA1,EYA2,FBXW4,FGF10,FGF8,FGFR1,FGFR2,FLT1,FN1,FOXA2,FOXC2,FOXF2,FUZ,FZD3,GLI2,GLI3,GNAS,GREM1,GRHL2,GSC,HDAC1,HDAC2,HES1,HIF1A,HIPK2,HIRA,HMGA2,HNF4A,HOXA11,HOXA2,HOXA3,HOXA5,HOXA6,HOXA7,HOXA9,HOXB3,HOXB5,HOXB8,HPN,ID2,IFT57,IMPAD1,INHBA,INSIG2,ITGA4,ITGA5,ITGA8,KIF16B,LAMA3,LAMA5,LAMB1,LEF1,LMBR1,LRP2,LRP6,MAPK1,MEF2C,MIB1,MMP2,MMP9,MSX1,MSX2,MTHFD1L,MYF5,MYO3A,MYO3B,NCOA1,NDST1,NOG,NOTCH1,NPHP3,NR4A3,NTN1,OVOL2,PFN1,PHLDB1,PHLDB2,PKD2,POFUT2,PROX1,PRRX1,PSEN1,PTK7,RALA,RARB,RECK,ROCK1,RPGRIP1L,RUNX2,SATB2,SDC4,SFRP1,SFRP2,SMAD2,SMAD3,SMAD4,SNAI1,SOBP,SOS1,SOX4,SOX9,STIL,STK3,STK4,SUFU,SYF2,TBX18,TBX5,TCF21,TGFB1I1,TGFB1,TGFB2,TGFB3,TGFBR1,TGFBR2,TP63,TRIM28,TSC2,TWIST1,UGDH,VAX2,WLS,WNK1,WNT11,WNT16,WNT2,WNT4,WNT5A,ZBTB16,ZEB1,ZEB2"
"GO:BP","epithelial cell development","GO:0002064","0.0008022478379465176","3.0956914446521058","217","2890","58","17906","ACTA2,ADD1,ARID4A,ARID4B,ATRX,B4GALT1,BMP5,C1GALT1,CCDC88C,CDK6,CTNNB1,EPB41L5,ESR1,EXPH5,FGFR1,FNDC3A,FOXA1,FOXC2,GRHL2,GSK3A,GSK3B,HIF1A,HNF4A,HOXA5,ICAM1,IFT74,KLF5,MET,NOTCH1,ONECUT2,PAFAH1B1,PDE4D,PDGFB,PGR,POF1B,PRDM1,PROX1,RAP1A,RAP2C,RAPGEF1,RAPGEF2,RARB,RFX3,RHEB,ROCK1,ROS1,SDC1,SIPA1L3,SLC4A7,SOX9,TFCP2L1,TJP1,TJP2,TP63,VCL,VEGFA,VIM,WNT5A"
"GO:BP","epithelial to mesenchymal transition","GO:0001837","3.5125156248648407e-50","49.45438173519292","142","2890","106","17906","ACVR1,ADAM15,ALX1,AMELX,AXIN2,BAMBI,BCL9L,BMP2,BMP5,BMP7,CLASP1,CLASP2,COL1A1,CRB2,CTNNB1,CUL7,DAB2IP,DAB2,DACT3,DAG1,DDX17,DDX5,EFNA1,ELL3,EOMES,EPB41L5,EPHA3,EZH2,FAM83D,FGF8,FGFR2,FOXA1,FOXA2,FOXF2,FUZ,GCNT2,GLIPR2,GREM1,GSC,GSK3B,HAS2,HDAC2,HEY1,HEY2,HEYL,HGF,HIF1A,HMGA2,HNRNPAB,HPN,ISL1,LEF1,LOXL2,LOXL3,LRP6,MAD2L2,MSX1,MSX2,NKX2-1,NOG,NOTCH1,OLFM1,OVOL2,PBLD,PHLDB1,PHLDB2,POFUT2,PPP2CA,RBPJ,RTN4,S100A4,SDCBP,SDHAF2,SERPINB3,SFRP1,SFRP2,SMAD2,SMAD3,SMAD4,SMAD7,SNAI1,SNAI2,SOX9,STRAP,TBX5,TCF7L2,TGFB1I1,TGFB1,TGFB2,TGFB3,TGFBR1,TGFBR2,TGFBR3,TMEM100,TRIM28,TRIM62,TWIST1,VASN,WNT11,WNT16,WNT2,WNT4,WNT5A,WNT8A,WWTR1,ZNF703"
"GO:BP","extracellular matrix organization","GO:0030198","0.00000595539383589664","5.2250895129215875","375","2890","99","17906","ABL1,ADAM15,ADAMTS2,B4GALT1,CAV1,CAV2,CCDC80,CD44,CDH1,CFLAR,CLASP1,CLASP2,COL10A1,COL11A1,COL12A1,COL17A1,COL19A1,COL1A1,COL23A1,COL4A1,COL4A4,COL9A1,CRISPLD2,CTSG,DAG1,DCN,DDR2,ECM2,FAP,FBLN1,FN1,FOXC2,FOXF2,GPM6B,GREM1,HAS2,HPN,IBSP,ICAM1,ICAM2,ICAM4,ICAM5,ITGA4,ITGA5,ITGA6,ITGA8,ITGAE,ITGAL,ITGB6,ITGB8,KAZALD1,KIF9,LAMA1,LAMA2,LAMA3,LAMA4,LAMA5,LAMB1,LAMB4,LAMC2,LOXL2,LOXL3,LOX,MADCAM1,MEGF9,MMP2,MMP3,MMP9,MYF5,NID1,NOTCH1,NOX1,NTN4,P4HA1,PDGFB,PHLDB1,PHLDB2,QSOX1,RECK,SERAC1,SERPINH1,SFRP2,SH3PXD2A,SMAD3,SMOC2,SMPD3,SOX9,SPP1,TGFB1,TGFB2,TGFBI,TGFBR1,TLL1,TLL2,TMEM38B,TNFRSF1B,TNR,VCAN,VWF"
"GO:BP","gland morphogenesis","GO:0022612","3.150245147896577e-8","7.501655648675133","126","2890","49","17906","ARG1,BMP7,BTBD7,CAV1,CFLAR,CUL3,DAG1,ESR1,ESRP2,FBXW7,FGF10,FGF1,FGF8,FGFR1,FGFR2,FGL1,FOXA1,GLI2,GLI3,HGF,HPN,KDM5B,LAMA1,LAMA5,LRP6,MSX2,NOG,NOTCH1,NRP1,NTN1,NTN4,PGR,POLB,PROX1,PTN,SEMA3A,SEMA3C,SFRP1,SNAI2,SOX9,TGFB1,TGFB2,TGFB3,TGFBR2,TNFAIP3,TP63,VDR,WNT4,WNT5A"
"GO:BP","hormone-mediated signaling pathway","GO:0009755","0.00043094025815012404","3.3655829325169737","236","2890","63","17906","ADIPOR2,ASIP,AXIN1,BMP7,BRCA1,CALCOCO1,CBFB,CNOT1,CNOT2,CRY1,CTNNB1,DAB2,DDX17,DDX54,DDX5,EP300,ESR1,FHL2,FOXA1,FOXP1,GHRHR,GHR,GPAM,HDAC1,HEYL,HNF4A,ISL1,JAK2,KDM3A,LEF1,LMO3,NCOA1,NCOA3,NEDD4,NR1H3,NR1H4,NR2C1,NR3C1,NR4A1,NR4A3,NR5A2,PADI2,PGR,PIAS1,PIAS2,PPARGC1A,PRLR,RARB,RHOA,RNF14,RNF4,RORA,RWDD1,SFRP1,SIRT1,TCF21,TGFB1I1,TP63,UBA5,UBE3A,UBR5,UFSP2,VDR"
"GO:BP","mammary gland development","GO:0030879","0.0005755193779329177","3.2399400489453014","145","2890","43","17906","ARG1,ARHGAP5,CAD,CAV1,CCND1,CREB1,ESR1,FGF10,FGFR2,GHRHR,GLI2,GLI3,HIF1A,HOXA5,HOXA9,ID2,JAK2,KDM5B,LEF1,LRP6,MAPK1,MSX1,MSX2,NCOA1,NTN1,PGR,PRLR,RREB1,RTN4,SLC29A1,SOX9,TGFB1,TGFB3,TGFBR2,TNFSF11,UMPS,UPRT,VDR,VEGFA,WNT2,WNT4,WNT5A,ZNF703"
"GO:BP","mesenchymal cell development","GO:0014031","0.00015134621021081635","3.820028449534873","83","2890","30","17906","ACVR1,ALX1,BMP7,BMPR1A,CORO1C,EDN1,EDN3,FAM172A,FN1,FOXC2,HES1,HEY2,HEYL,HIF1A,ISL1,KITLG,LAMA5,MAPK1,NOTCH1,NRP1,NRP2,OVOL2,PHOX2B,SEMA3A,SEMA3C,SEMA6A,SNAI2,SOX9,TWIST1,ZEB2"
"GO:BP","nervous system development","GO:0007399","8.188754599544771e-16","15.086782143620898","2432","2890","544","17906","ABCC8,ABL1,ACER3,ACSBG1,ACSL3,ACSL4,ACTB,ACVR1C,ADAM22,ADAM23,ADD2,ADNP,AGER,AKT3,ALKBH1,ALS2,ALX1,AMBRA1,ANKRD27,APAF1,APBA1,APBA2,APOA1,APOB,ARCN1,ARFGEF1,ARHGAP4,ARHGEF2,ARHGEF7,ARID1B,ARL6,ARSB,ASPA,ASPM,ATF1,ATP2B1,ATP2B4,ATP8B1,ATRN,ATRX,ATXN1,ATXN3,B4GALT2,B4GALT6,BBS2,BCAS1,BCHE,BCL11A,BHLHE41,BMP2,BMP5,BMP7,BMPR1A,BTBD1,CACNG7,CAMK2B,CAPRIN2,CASP2,CBFA2T2,CC2D2A,CCDC88A,CD38,CD9,CDH11,CDH1,CDH23,CDH2,CDH9,CDK5RAP1,CDK5RAP3,CDK6,CDKL3,CDKL5,CDKN2C,CDON,CECR2,CELSR1,CELSR3,CENPF,CFLAR,CHD5,CHD8,CHRDL1,CHST8,CIC,CLDN11,CLN5,CLU,CNGB1,CNTN1,CNTN3,CNTNAP1,COBL,COL4A1,CPEB3,CRB2,CREB1,CRMP1,CRTAC1,CRTC1,CTNNA1,CTNNA2,CTNNB1,CTSC,CTTNBP2,CUL7,CUX2,CYFIP2,CYP46A1,DAB2IP,DAG1,DCT,DCX,DDX6,DGKG,DICER1,DLG1,DLX5,DNAH11,DNAH5,DNM1L,DNM2,DNMT3A,DOCK7,DOK5,DPYSL2,DRP2,DTNBP1,ECT2,EDN3,EED,EEF2K,EFHC1,EFHD1,EFNA1,EGR2,EIF2B1,EIF2B3,EIF2B4,ELL3,EML1,ENO3,EOMES,EP300,EPB41L3,EPHA3,EPHA4,EPHA6,EPM2A,ERBB3,ESRP1,ETV1,EYA1,EZH1,EZH2,FAM126A,FBXO31,FBXO7,FGF10,FGF12,FGF14,FGF20,FGF8,FGFR1,FGFR2,FIG4,FKTN,FMR1,FN1,FOXA1,FOXA2,FOXO3,FRYL,FRY,FSTL4,FUZ,FYN,FZD3,GAB1,GAB2,GABRA1,GABRA4,GABRG2,GALC,GAS7,GDA,GHRHR,GLI2,GLI3,GLRB,GNAI3,GNB4,GORAB,GPC4,GPM6B,GRB10,GRHL2,GRIN2D,GSC,GSK3A,GSK3B,GSS,GSTP1,H2AFY2,HDAC1,HDAC2,HDAC4,HDAC9,HECW1,HERC1,HES1,HEXB,HEY1,HEY2,HEYL,HGF,HIF1A,HIPK2,HOXA2,HOXA3,HOXB3,HOXB8,HOXC8,HSP90AA1,HTRA2,ID2,IFNGR1,IFRD1,IFT20,IFT57,IFT88,IGSF9,IL2,INHBA,ISL1,ITGA4,ITGA6,ITGA8,JAK2,JARID2,KANK1,KDM1A,KDM4C,KIAA1107,KIF14,KIF26A,KIF2A,LAMA1,LAMA2,LAMB1,LAMC2,LEF1,LEPR,LGI1,LHX5,LOXL3,LRP2,LRP6,MAN2A1,MAOB,MAP2,MAP3K13,MAP4K4,MAP4,MAPK1,MAPK6,MAPKAP1,MARK1,MARK2,MARK4,MBD3,MCF2,MCOLN3,MEF2A,MEF2C,MEF2D,METRN,MET,MIB1,MICALL1,MMD,MNAT1,MPP5,MSX1,MTHFD1L,MTMR2,MTR,MUSK,MYB,MYCBP2,MYEF2,MYO16,MYO9A,NAV3,NCK2,NCKAP1,NCOA1,NDE1,NDP,NDST1,NEDD4L,NEDD4,NEO1,NFE2L2,NGEF,NIN,NKX2-1,NOG,NOS1,NOTCH1,NPHP3,NR4A3,NRCAM,NRK,NRN1,NRP1,NRP2,NRXN2,NRXN3,NTN1,NTN4,NUP133,OGDH,OLFM1,OLFM3,ONECUT2,OPHN1,OPRM1,OVOL2,OXCT1,PACSIN1,PADI2,PAFAH1B1,PAK3,PALM,PAX3,PCDH17,PCDHA6,PCDHB10,PCDHB14,PCDHB3,PCDHB4,PCM1,PEX7,PFN1,PHACTR1,PHGDH,PHLPP2,PHOX2B,PICALM,PIK3CA,PIK3CB,PIKFYVE,PITPNM1,PKD1,PKD2,PLP1,PLXNA2,PMP22,POFUT1,POU1F1,POU6F2,PPARGC1A,PPP2R5B,PPP3CB,PPP3CC,PRDM1,PRDM6,PREX1,PREX2,PRKCH,PRKCQ,PROM1,PROX1,PRRX1,PSD,PSEN1,PTBP2,PTK2B,PTK7,PTN,PTPRZ1,QKI,RAB10,RAB11A,RAB18,RAB21,RAB3GAP1,RAD1,RALA,RANBP9,RAP1A,RAP2A,RAPGEF1,RAPGEF2,RARB,RASGRF1,RBPJ,REG1A,REST,RFX4,RGS2,RGS4,RGS9,RHEB,RHOA,RIMS1,ROCK1,ROGDI,RORA,RP1,RPE65,RPGRIP1L,RPGRIP1,RPS6KA5,RPS6KA6,RRN3,RTN4,RUFY3,RUNX2,SARM1,SATB2,SCTR,SCYL3,SDC4,SDCBP2,SDCBP,SDCCAG8,SEMA3A,SEMA3C,SEMA5A,SEMA6A,SETX,SEZ6L,SEZ6,SFRP1,SFRP2,SGK1,SH3GL2,SIM1,SLC17A7,SLC1A2,SLC1A3,SLC25A12,SLC4A7,SLITRK3,SMAD4,SMARCA1,SMARCA2,SMARCB1,SNW1,SNX3,SOS1,SOX4,SOX6,SOX9,SPAG9,SPAST,SPEN,SPG11,SPP1,SPTBN1,SPTB,SRRT,ST8SIA4,STAP1,STIL,STK11,STK24,STK25,STK3,STK4,STMN2,STRN,STXBP3,SUFU,SUN2,SYNE2,SYT1,TBC1D23,TBCB,TCF3,TCF4,TDP2,TFAP2D,TGFB1,TGFB2,TGFBR1,TGFBR2,TG,THOC2,TMEM106B,TMEM30A,TNFRSF12A,TNFRSF1B,TNN,TNR,TOP2B,TP63,TRAK2,TRIM32,TRIM67,TRIO,TRIP11,TRPC5,TSC2,TTC21B,TTL,TWIST1,UBA6,UBE3A,UCHL5,ULK2,UNC5A,USH2A,USP9X,UST,VAMP7,VAPA,VAX2,VCAN,VCL,VEGFA,VIM,WASF1,WASL,WDR62,WLS,WNK1,WNT11,WNT16,WNT2,WNT4,WNT5A,WNT8A,WWP1,XK,XRCC5,XRN2,YWHAE,ZBTB16,ZEB1,ZEB2,ZNF423"
"GO:BP","neuron differentiation","GO:0030182","6.979173728792306e-14","13.156195990882171","1409","2890","340","17906","ABL1,ACSL4,ACTB,ADNP,AGER,ALKBH1,ALS2,ANKRD27,APOA1,ARFGEF1,ARHGAP4,ARHGEF2,ARID1B,ARSB,ASPM,ATF1,ATP8B1,B4GALT6,BCL11A,BMP2,BMP5,BMP7,CACNG7,CAMK2B,CAPRIN2,CBFA2T2,CCDC88A,CD38,CDH11,CDH1,CDH23,CDH2,CDK5RAP1,CDK5RAP3,CDKL3,CDKL5,CDON,CECR2,CELSR3,CFLAR,CHD5,CLN5,CNGB1,CNTN1,CNTNAP1,COBL,CPEB3,CREB1,CRMP1,CRTAC1,CRTC1,CTNNA1,CTNNA2,CTNNB1,CUL7,CUX2,CYFIP2,DAB2IP,DAG1,DCX,DDX6,DGKG,DICER1,DLX5,DNM1L,DNM2,DNMT3A,DOCK7,DOK5,DPYSL2,DTNBP1,ECT2,EDN3,EEF2K,EFHD1,EFNA1,EGR2,EOMES,EP300,EPB41L3,EPHA3,EPHA4,EPHA6,ESRP1,ETV1,EYA1,EZH2,FBXO31,FBXO7,FGF20,FGF8,FGFR1,FGFR2,FIG4,FMR1,FN1,FOXA1,FOXA2,FOXO3,FRYL,FRY,FSTL4,FYN,FZD3,GAB1,GAB2,GAS7,GLI2,GLI3,GPM6B,GRB10,GSK3A,GSK3B,HDAC1,HDAC2,HDAC9,HECW1,HERC1,HES1,HEY1,HEY2,HEYL,HGF,HIF1A,HIPK2,HOXA2,HOXC8,HSP90AA1,HTRA2,ID2,IFRD1,IFT20,IFT88,IGSF9,IL2,INHBA,ISL1,ITGA4,ITGA6,JAK2,KANK1,KDM1A,KDM4C,KIAA1107,LAMA1,LAMA2,LAMB1,LAMC2,LGI1,LHX5,LRP2,LRP6,MAP2,MAP3K13,MAP4K4,MAP4,MAPK1,MAPK6,MARK1,MARK2,MCF2,MCOLN3,MEF2A,MEF2C,METRN,MET,MIB1,MICALL1,MMD,MTMR2,MTR,MUSK,MYCBP2,MYEF2,MYO16,MYO9A,NCK2,NCKAP1,NCOA1,NEDD4L,NEDD4,NEO1,NFE2L2,NGEF,NIN,NKX2-1,NOG,NOTCH1,NR4A3,NRCAM,NRK,NRN1,NRP1,NRP2,NRXN3,NTN1,NTN4,OGDH,OLFM1,OLFM3,ONECUT2,OPHN1,PACSIN1,PAFAH1B1,PAK3,PHACTR1,PHGDH,PHOX2B,PICALM,PIK3CA,PIK3CB,PLP1,PLXNA2,PMP22,PPP2R5B,PPP3CB,PRDM1,PREX1,PREX2,PRKCQ,PROM1,PROX1,PRRX1,PSD,PSEN1,PTK2B,PTK7,PTN,PTPRZ1,RAB10,RAB11A,RAB21,RANBP9,RAP1A,RAP2A,RAPGEF1,RAPGEF2,RARB,RASGRF1,RBPJ,REG1A,REST,RGS2,RHOA,RIMS1,ROCK1,RORA,RP1,RPE65,RPGRIP1,RPS6KA5,RRN3,RTN4,RUFY3,RUNX2,SARM1,SATB2,SCYL3,SDC4,SEMA3A,SEMA3C,SEMA5A,SEMA6A,SETX,SEZ6,SFRP1,SFRP2,SGK1,SH3GL2,SLC1A3,SLC4A7,SLITRK3,SMAD4,SMARCA1,SNX3,SOS1,SOX4,SOX9,SPAG9,SPAST,SPG11,SPP1,SPTBN1,SPTB,STK11,STK24,STK25,STK3,STK4,STMN2,STRN,SUFU,SYT1,TBC1D23,TCF3,TCF4,TDP2,TGFB2,TGFBR1,THOC2,TMEM106B,TMEM30A,TNFRSF12A,TNN,TNR,TOP2B,TRAK2,TRIM32,TRIM67,TRIO,TRIP11,TRPC5,TTC21B,TTL,UBA6,UBE3A,ULK2,UNC5A,USH2A,USP9X,UST,VAMP7,VAPA,VAX2,VCL,VEGFA,VIM,WASF1,WASL,WNK1,WNT11,WNT16,WNT2,WNT4,WNT5A,WNT8A,XK,XRN2,ZEB1,ZEB2"
"GO:BP","somitogenesis","GO:0001756","0.00010805516780028699","3.966354457901714","70","2890","27","17906","AXIN2,BMPR1A,CDX1,COBL,CRB2,EP300,EPB41L5,FOXC2,LEF1,LFNG,LRP6,MEOX2,MIB1,MYF5,NOTCH1,PLXNA2,POFUT1,PSEN1,RBPJ,SEMA3C,SFRP1,SFRP2,SMAD3,SMAD4,TBX18,WNT5A,ZEB2"
"GO:BP","stem cell differentiation","GO:0048863","5.9268137295858575e-8","7.227178721737565","261","2890","81","17906","ABL1,ACVR1,ALX1,BCHE,BMP7,BMPR1A,CBFB,CDK13,CDK6,CORO1C,EDN1,EDN3,ELL3,EOMES,EPCAM,ESR1,FAM172A,FGFR2,FN1,FOXA1,FOXC2,GREM1,GSC,HES1,HIF1A,HMGA2,HOXA7,HSPA9,ISL1,ITCH,JARID2,KDM3A,KDM4C,KITLG,LAMA5,LRP6,MAPK1,MEF2C,MSX1,MSX2,MYB,NFE2L2,NOTCH1,NRP1,NRP2,OCIAD1,OVOL2,PHF19,PHOX2B,POU6F2,PSMA3,PSMC4,PSMD14,PSMD5,PSME1,PSME4,PTN,PTPRC,PUS7,RBM24,RBPJ,REST,RUNX2,SEMA3A,SEMA3C,SEMA6A,SFRP1,SMAD4,SNAI2,SOX21,SOX6,SOX9,TBX5,TCF3,TGFB2,TP63,TRIM6,TWIST1,WNT8A,XRCC5,ZEB2"
"GO:BP","tissue development","GO:0009888","3.7287965699760415e-15","14.428431309571598","2118","2890","482","17906","AACS,ABL1,ACADM,ACADVL,ACTA2,ACTB,ACTL8,ACTN2,ACVR1,ACVR2A,ADAM15,ADD1,ADRA1A,AGR2,AIMP2,ALOX12,ALX1,AMBRA1,AMELX,AP2B1,AP2S1,APAF1,ARID4A,ARID4B,ARRDC3,ASB2,ASH1L,ASPN,ATF2,ATG5,ATP2B1,ATP2C1,ATRNL1,ATRN,ATRX,AXIN2,B4GALT1,B9D1,BAMBI,BARX2,BBS2,BCCIP,BCL9L,BCL9,BIRC6,BMP2,BMP5,BMP7,BMPR1A,BMX,BTBD7,BTK,C1GALT1,CACYBP,CALB1,CAPN3,CAT,CAV1,CAV2,CBFA2T2,CBFB,CC2D2A,CCDC88C,CCND1,CCNT2,CD44,CD81,CD9,CDH2,CDHR2,CDK6,CDKN1B,CDON,CDX1,CECR2,CELSR1,CELSR3,CENPF,CEP152,CFLAR,CLASP1,CLASP2,CNN3,COBL,COCH,COL11A1,COL12A1,COL17A1,COL19A1,COL1A1,COL4A1,CORO1C,CPS1,CPT1A,CRB2,CREB1,CRYGD,CTNNB1,CTSH,CUL7,DAAM1,DAB2IP,DAB2,DACT3,DAG1,DCN,DCT,DDR2,DDX17,DDX5,DHCR24,DHRS9,DLG1,DLX5,DPPA4,DSG2,DSP,DUSP1,DUSP4,EDN1,EDN3,EFEMP1,EFNA1,EGR1,EGR2,ELL3,ENO3,EOMES,EP300,EPB41L5,EPCAM,EPHA3,EPHA4,EPYC,ERBB3,EREG,ESR1,ESRP1,ESRP2,EXOC5,EXPH5,EYA1,EYA2,EZH2,FAM172A,FAM20A,FAM83D,FBXL15,FBXO5,FBXW4,FGF10,FGF1,FGF20,FGF8,FGFR1,FGFR2,FGFR3,FHL2,FN1,FNDC3A,FOXA1,FOXA2,FOXC2,FOXF2,FOXJ2,FOXP1,FUZ,FZD3,GCNT2,GHR,GLG1,GLI2,GLI3,GLIPR2,GNA13,GNAS,GORAB,GPC4,GPCPD1,GPLD1,GPM6B,GREM1,GRHL2,GSC,GSK3A,GSK3B,GZF1,H2AFY2,H2AFY,HAS2,HCK,HDAC1,HDAC2,HDAC4,HDAC9,HES1,HEY1,HEY2,HEYL,HGF,HIF1A,HLF,HMGA2,HMGCR,HNF4A,HNRNPAB,HNRNPH3,HOXA11,HOXA3,HOXA5,HOXA7,HOXB3,HOXB5,HPN,IBSP,ICAM1,ID2,IFRD1,IFT20,IFT57,IFT74,IFT80,IGF1,IL17F,IMPAD1,INHBA,ISL1,ITGA4,ITGA5,ITGA6,ITGA8,ITGB8,JAK2,JARID2,KCNK2,KDM5B,KEAP1,KIF16B,KITLG,KLF5,KRT18,KRT19,KRT5,KRT8,LAMA1,LAMA2,LAMA3,LAMA5,LAMB1,LAMB4,LAMC2,LEF1,LFNG,LOXL2,LOXL3,LOX,LRP2,LRP6,LUC7L,MAD2L2,MAP2K4,MAPK14,MAPK1,MBD3,MCOLN3,MEF2A,MEF2C,MEF2D,MEGF9,MEOX2,MEST,METTL8,MET,MIB1,MINPP1,MMP2,MMP9,MPP5,MSX1,MSX2,MTHFD1L,MYF5,MYH14,MYLK,MYO9A,MYOM1,MYOM2,NCOA3,NEBL,NEDD4,NKX2-1,NLN,NOG,NOTCH1,NOX4,NPHP3,NR1H4,NR4A1,NR4A3,NR5A2,NRK,NRP1,NRP2,NTN1,NTN4,NUP133,OLFM1,ONECUT2,OPHN1,OVOL2,OXCT1,PAFAH1B1,PBLD,PCK2,PDCD10,PDE4D,PDGFB,PERP,PFN1,PGF,PGK1,PGR,PHEX,PHGDH,PHLDB1,PHLDB2,PHOX2B,PIH1D1,PIK3CA,PKD1,PKD2,PKP2,PLXNA2,POF1B,POFUT1,POFUT2,PPARGC1A,PPP1R13L,PPP2CA,PPP2R3A,PRDM1,PRKCH,PRLR,PROM1,PROX1,PRRX1,PSEN1,PSMA3,PSMC4,PSMD14,PSMD5,PSME1,PSME4,PTCD2,PTK2B,PTK7,PTN,PTPRC,PUS7,RAB10,RALA,RAP1A,RAP2C,RAPGEF1,RAPGEF2,RARB,RASIP1,RBM24,RBPJ,RFX3,RGS2,RGS4,RHEB,RHOA,ROCK1,ROS1,RPGRIP1L,RPS6KA6,RREB1,RTN4,RUNX2,S100A4,SATB2,SCIN,SDC1,SDC4,SDCBP,SDHAF2,SEMA3A,SEMA3C,SEMA6A,SERPINB3,SERPINH1,SFRP1,SFRP2,SFRP4,SGCG,SIM1,SIPA1L3,SIRT1,SLC4A7,SMAD2,SMAD3,SMAD4,SMAD5,SMAD7,SMPD3,SMURF2,SMYD1,SNAI1,SNAI2,SNX10,SNX19,SOS1,SOX21,SOX4,SOX6,SOX9,SPP1,SPTLC2,SRGN,STAT1,STIL,STK3,STK4,STRAP,STX2,SUFU,TBX18,TBX5,TCF21,TCF7L2,TFCP2L1,TGFB1I1,TGFB1,TGFB2,TGFB3,TGFBI,TGFBR1,TGFBR2,TGFBR3,TIE1,TJP1,TJP2,TLL2,TMEM100,TMEM38B,TNFSF11,TP63,TRIM28,TRIM62,TRIP11,TRPC4AP,TRPS1,TSC2,TWIST1,TXLNG,UPK1B,USH2A,VASN,VAX2,VCL,VDR,VEGFA,VIM,WISP1,WLS,WNT11,WNT16,WNT2,WNT4,WNT5A,WNT8A,WWTR1,XK,ZBTB16,ZEB1,ZEB2,ZFAND5,ZFAT,ZNF516,ZNF703"
"GO:BP","tissue morphogenesis","GO:0048729","1.1223896914936011e-9","8.949856330707426","686","2890","178","17906","ABL1,ACTA2,ACTB,ACVR1,ALOX12,ALX1,AP2B1,AP2S1,APAF1,BMP2,BMP5,BMP7,BMPR1A,BTBD7,CC2D2A,CD44,CECR2,CELSR1,CELSR3,CLASP1,CLASP2,COBL,COCH,COL11A1,COL12A1,COL4A1,CRB2,CTNNB1,CTSH,DAAM1,DAB2,DAG1,DLG1,DSP,EDN1,EOMES,EPB41L5,EPHA4,ESR1,ESRP2,EXOC5,EYA1,EYA2,FGF10,FGF1,FGF8,FGFR1,FGFR2,FOXA1,FOXC2,FOXF2,FOXP1,FUZ,FZD3,GLI2,GLI3,GNA13,GORAB,GPC4,GREM1,GRHL2,GZF1,HES1,HEY1,HEY2,HEYL,HGF,HIF1A,HMGA2,HOXA11,HOXA5,IFT20,IFT57,INHBA,ISL1,ITGA5,ITGA8,KDM5B,LAMA1,LAMA3,LAMA5,LEF1,LRP2,LRP6,MEF2C,MET,MIB1,MPP5,MSX1,MSX2,MTHFD1L,MYF5,MYLK,MYO9A,MYOM1,MYOM2,NKX2-1,NOG,NOTCH1,NPHP3,NR4A3,NRP1,NRP2,NTN1,NTN4,OPHN1,OVOL2,PAFAH1B1,PDCD10,PFN1,PGF,PGR,PHLDB2,PKD1,PKD2,PKP2,POFUT2,PROX1,PSEN1,PSMA3,PSMC4,PSMD14,PSMD5,PSME1,PSME4,PTCD2,PTK7,RAB10,RALA,RASIP1,RBPJ,RHOA,RPGRIP1L,RREB1,SDC4,SEMA3A,SEMA3C,SFRP1,SFRP2,SMAD2,SMAD3,SMAD4,SMAD7,SMURF2,SNAI1,SNAI2,SOS1,SOX4,SOX9,STAT1,STIL,STK3,STK4,SUFU,TBX18,TBX5,TCF21,TGFB1I1,TGFB1,TGFB2,TGFBR1,TGFBR2,TGFBR3,TMEM100,TP63,TRIM28,TSC2,TWIST1,VCL,VDR,VEGFA,WLS,WNT11,WNT16,WNT2,WNT4,WNT5A,ZEB2"
"GO:BP","vasculature development","GO:0001944","2.66049841078337e-8","7.575036996159751","820","2890","199","17906","ABCC8,ABL1,ACTA2,ACVR1,ADAM15,ADAMTS6,ADIPOR2,AHR,AKT3,ANGPT2,AP2B1,APOB,APOH,ASB4,ATF2,ATP2B4,B4GALT1,B9D1,BMP7,BMPR1A,BRCA1,C1GALT1,C6,CALCRL,CARD10,CAV1,CD160,CDH2,CFLAR,COL1A1,COL4A1,CTH,CTNNB1,CTSH,CUL7,DAB2IP,DAG1,DCN,DNM2,EDN1,EFNA1,EGR1,ELK3,EPAS1,EPC1,EREG,EYA1,FAP,FASLG,FBXW7,FGF10,FGF1,FGF8,FGFR1,FGFR2,FLT1,FN1,FOXC2,FOXJ2,GAB1,GADD45A,GLI3,GNA13,GPLD1,GREM1,HAS2,HDAC9,HECTD1,HES1,HEY1,HEY2,HGF,HIF1A,HIPK2,HMGA2,HOXA3,HOXA5,HOXA7,HOXB3,IL17F,IL1A,ISL1,ISM1,ITGA5,ITGB8,JMJD6,KLF5,KRIT1,LAMA1,LAMA4,LEF1,LEPR,LOXL2,LOX,LRP2,LTBP1,MAPK14,MAPK1,MCAM,MEF2C,MEOX2,MIB1,MMP2,MYH9,MYLK,NCL,NDP,NDST1,NEDD4,NFATC2,NFATC3,NFE2L2,NOG,NOTCH1,NOX1,NR4A1,NRCAM,NRP1,NRP2,NRXN3,OVOL2,PCSK5,PDCD10,PDGFB,PGF,PGK1,PIK3C2A,PIK3CA,PIK3CB,PIK3CG,PKD1,PKD2,POFUT1,PPP3CB,PRDM1,PROX1,PRRX1,PSEN1,PTK2B,PTK7,PTN,QKI,RAP1A,RAPGEF1,RAPGEF2,RASIP1,RBPJ,RECK,RHOA,RLN1,ROCK1,RORA,SARS,SASH1,SEMA3C,SEMA5A,SEMA6A,SFRP1,SFRP2,SHB,SIRT1,SMAD7,SMOC2,SNX17,SOS1,SOX4,SP100,SPI1,STAT1,STK11,STK4,SUFU,TBX5,TCF21,TCF4,TCF7L2,TEK,TGFB1,TGFB2,TGFBI,TGFBR1,TGFBR2,TGFBR3,THBS4,THSD7A,TIE1,TJP1,TMEM100,TNFAIP3,TNFRSF12A,TSPAN12,TWIST1,VEGFA,WARS2,WNT11,WNT2,WNT4,WNT5A,ZFAND5"
